<?xml version="1.0" encoding="UTF-8"?>

<!-- This file was generated by Ignite Web Console (12/27/2018, 10:46) -->

<beans xmlns="http://www.springframework.org/schema/beans"
       xmlns:xsi="http://www.w3.org/2001/XMLSchema-instance"
       xmlns:util="http://www.springframework.org/schema/util"
       xsi:schemaLocation="http://www.springframework.org/schema/beans
                           http://www.springframework.org/schema/beans/spring-beans.xsd
                           http://www.springframework.org/schema/util
                           http://www.springframework.org/schema/util/spring-util.xsd">
    <bean class="org.apache.ignite.configuration.IgniteConfiguration">
        <property name="clientMode" value="true"/>
        <property name="igniteInstanceName" value="ignite-safenumber"/>

        <property name="discoverySpi">
            <bean class="org.apache.ignite.spi.discovery.tcp.TcpDiscoverySpi">
                <property name="ipFinder">
                    <bean class="org.apache.ignite.spi.discovery.tcp.ipfinder.vm.TcpDiscoveryVmIpFinder">
                        <property name="addresses">
                            <list>
                                <value>127.0.0.1</value>
                            </list>
                        </property>
                    </bean>
                </property>
            </bean>
        </property>

        <property name="dataStorageConfiguration">
            <bean class="org.apache.ignite.configuration.DataStorageConfiguration">
                <property name="defaultDataRegionConfiguration">
                    <bean class="org.apache.ignite.configuration.DataRegionConfiguration">
                        <property name="maxSize" value="#{1L * 1024 * 1024 * 1024}"/>
                        <property name="persistenceEnabled" value="true"/>
                    </bean>
                </property>
            </bean>
        </property>
    </bean>
</beans>