<?xml version="1.0" encoding="UTF-8"?>
<configuration>
    <include resource="org/springframework/boot/logging/logback/base.xml" />

    <!-- log-sn-user-service top -->
    <property name="LOG_FILE_SN_USER_SERVICE" value="${LOG_FILE_SN_USER_SERVICE:-${LOG_PATH:-${LOG_TEMP:-${java.io.tmpdir:-/tmp}}}/sn_user_service.log}"/>
    <property name="LOG_FILE_SN_USER_SERVICE_BACKUP" value="${LOG_FILE_SN_USER_SERVICE_BAK:-${LOG_PATH:-${LOG_TEMP:-${java.io.tmpdir:-/tmp}}}/%d{yyyy-MM-dd}/sn_user_service.log}"/>
    <appender name="SN_USER_SERVICE"
              class="ch.qos.logback.core.rolling.RollingFileAppender">
        <!--<encoder>
            <pattern>${FILE_LOG_PATTERN}</pattern>
        </encoder>-->
        <encoder class="net.logstash.logback.encoder.LogstashEncoder"/>
        <file>${LOG_FILE_SN_USER_SERVICE}</file>
        <rollingPolicy class="ch.qos.logback.core.rolling.SizeAndTimeBasedRollingPolicy">
            <fileNamePattern>${LOG_FILE_SN_USER_SERVICE_BACKUP}.%d{yyyy-MM-dd}.%i</fileNamePattern>
            <maxFileSize>${LOG_FILE_MAX_SIZE:-50MB}</maxFileSize>
            <maxHistory>${LOG_FILE_MAX_HISTORY:-0}</maxHistory>
        </rollingPolicy>
    </appender>
    <logger name="cn.cvtt.safenumber.common.service.SnUserService" level="INFO" additivity="false">
        <appender-ref ref="SN_USER_SERVICE"/>
    </logger>
    <!-- log-sn-user-service end -->

</configuration>