<?xml version="1.0" encoding="UTF-8" ?>
<!DOCTYPE generatorConfiguration PUBLIC "-//mybatis.org//DTD MyBatis Generator Configuration 1.0//EN" "http://mybatis.org/dtd/mybatis-generator-config_1_0.dtd" >
<generatorConfiguration >
    <classPathEntry location="/Users/sujin/.m2/repository/mysql/mysql-connector-java/8.0.11/mysql-connector-java-8.0.11.jar" />
    <context id="safe-number-stat" targetRuntime="MyBatis3DynamicSqlV2">
        <commentGenerator>
            <!-- 是否去除自动生成的注释 true：是 ： false:否 -->
            <property name="suppressAllComments" value="true" />
        </commentGenerator>
        <jdbcConnection driverClass="com.mysql.cj.jdbc.Driver"
                        connectionURL="jdbc:mysql://127.0.0.1/examples?useSSL=false&amp;nullNamePatternMatchesAll=true&amp;useUnicode=true&amp;characterEncoding=utf-8&amp;serverTimezone=Asia/Shanghai"
                        userId="root"
                        password="Sql740123">
            <!--设置可以获取useInformationSchema信息-->
            <property name="useInformationSchema" value="true"/>
            <!--设置可以获取remarks信息-->
            <property name="remarks" value="true"/>
        </jdbcConnection>
        <javaModelGenerator targetPackage="cn.cvtt.safenumber.stat.entity" targetProject="src/main/java" />
        <!-- <sqlMapGenerator targetPackage="cn.cvtt.safenumber.stat.mapping" targetProject="src/main/java" /> -->
        <javaClientGenerator targetPackage="cn.cvtt.safenumber.stat.mapper" targetProject="src/main/java" type="XMLMAPPER" />

        <!--<table tableName="cs_user">
            <property name="useActualColumnNames" value="true"/>
            <generatedKey column="sub_id" sqlStatement="JDBC"/>
        </table>-->
        <!--<table tableName="OrderMaster">
            <property name="useActualColumnNames" value="false"/>
        </table>-->
        <table tableName="ARC_95013_COUNT">
            <property name="useActualColumnNames" value="true"/>
        </table>
        <table tableName="COUNT_NUMBER">
            <property name="useActualColumnNames" value="true"/>
        </table>
        <table tableName="T_UNIT">
            <property name="useActualColumnNames" value="true"/>
        </table>

    </context>
</generatorConfiguration>