<?xml version="1.0"?>
<!DOCTYPE Configure PUBLIC "-//Jetty//Configure//EN" "https://www.eclipse.org/jetty/configure_10_0.dtd">

<Configure id="FileServer"
		   class="org.eclipse.jetty.server.Server">

	<Call name="addConnector">
		<Arg>
			<New class="org.eclipse.jetty.server.ServerConnector">
				<Arg>
					<Ref refid="FileServer"/>
				</Arg>
				<Set name="port">
					<Property name="http.port" default="8080"/>
				</Set>
			</New>
		</Arg>
	</Call>
	<!-- java.lang.IncompatibleClassChangeError: Class org.eclipse.jetty.server.Request
		does not implement the requested interface javax.servlet.http.HttpServletRequest -->
	<!-- <Set name="requestLog" > <New id="requestLogImpl2" class="ch.qos.logback.access.jetty.RequestLogImpl">
		<Set name="name">logback-access</Set> <Set name="fileName">E:\\backPro\\src\\main\\resources\\logback-access.xml</Set>
		<Call name="start"/> </New> </Set> -->
	<Call name="setRequestLog">
		<Arg>
			<New
				class="org.eclipse.jetty.server.CustomRequestLog">
				<Arg><SystemProperty name="logdir"
							default="F:\\logs\access.log" /></Arg>
				<Arg>%{client}a "%{X-Forwarded-For}i" - %u %{dd/MMM/yyyy:HH:mm:ss ZZZ|GMT+08}t "%r" %s %O "%{Referer}i" "%{User-Agent}i"</Arg>
			</New>
		</Arg>
	</Call>

	<New id="restart"
		class="org.eclipse.jetty.server.handler.ContextHandler">
		<Set name="contextPath">/restart</Set>
		<Call name="setHandler">
			<Arg>
				<New class="org.ydzy.handler.RestartHandler">
				</New>
			</Arg>
		</Call>
		<Set name="server">
			<Ref refid="Server" />
		</Set>
	</New>
	<!-- <Call name="addBean"> <Arg> <New class="com.example.CustomErrorHandler"> 
		</New> </Arg> </Call> -->
	<New id="query"
		class="org.eclipse.jetty.server.handler.ContextHandler">
		<Set name="contextPath">/query</Set>
		<Set name="handler">
			<New id="queryHandler" class="org.ydzy.handler.QueryWrapHandler">
				<Set name="queryId">PRC</Set>
			</New>
		</Set>
	</New>

	<New id="tcquery"
		 class="org.eclipse.jetty.server.handler.ContextHandler">
		<Set name="contextPath">/tcquery</Set>
		<Set name="handler">
			<New id="tcqueryHandler" class="org.ydzy.tourcode.TourCodeHander">
			</New>
		</Set>
	</New>

	<New id="writefile"
		class="org.eclipse.jetty.server.handler.ContextHandler">
		<Set name="contextPath">/write</Set>
<!--		<Set name="handler">-->
<!--			<New id="writeHandler" class="org.ydzy.tourcode.TestWriteFile">-->
<!--			</New>-->
<!--		</Set>-->
	</New>

	<New id="logger"
		class="org.eclipse.jetty.server.handler.ContextHandler">
		<Set name="contextPath">/log</Set>
		<Set name="handler">
			<New id="loggerHandler" class="org.ydzy.handler.LoggerService">
			 
			</New>
		</Set>
	</New>



	<!--ErrorPageErrorHandler errorHandler = new ErrorPageErrorHandler(); errorHandler.addErrorPage(404,
		"/missing.html"); context.setErrorHandler(errorHandler); -->
	<!-- ServletHandler handler = new ServletHandler(); FilterHolder fh = handler.addFilterWithMapping(LoginFilter.class,
		"/*", EnumSet.of(DispatcherType.REQUEST)); -->
	<!-- <New id="sh" class="org.eclipse.jetty.servlet.ServletHandler"> <Set
		name="addFilterWithMapping"> org.ydzy.filter.LoginFilter.class /* <New class="java.util.EnumSet">
		</New> </Set> </New> -->

	<New id="shs" class="org.eclipse.jetty.servlet.ServletHolder">
		<Arg>msgservlet</Arg>
		<Arg>
			<New id="msgHandler" class="org.ydzy.handler.SendMsg">
				<!-- <Set name="from">Jsonfile</Set> <Set name="from" >rcsDbConfig</Set> -->
			</New>
		</Arg>
	</New>

    <New id="delivery"
                 class="org.eclipse.jetty.servlet.ServletContextHandler">
                <Set name="contextPath">/delivery/manager</Set>
                <Set name="baseResource">
                        <New class="org.eclipse.jetty.util.resource.PathResource">
                                <Arg>
                                        <New class="java.io.File">
                                                <Arg>
                                                        <SystemProperty name="webapp"
                                                                                        default="D:\\logs\\hw\\delivery\\manager" />
                                                </Arg>
                                        </New>
                                </Arg>
                        </New>
                </Set>
                <Set name="ErrorHandler">
                        <New id="errorhandler"
                                 class="org.eclipse.jetty.servlet.ErrorPageErrorHandler">
                                <Call name="addErrorPage">
                                        <Arg>404</Arg>
                                        <Arg>/index.html</Arg>
                                </Call>
                        </New>
                </Set>
                <Call name="addServlet">
                        <Arg>
                                <New class="org.eclipse.jetty.servlet.ServletHolder">
                                        <Arg>defaultServlet</Arg>
                                        <Arg>
                                                <New id="defaults2"
                                                         class="org.eclipse.jetty.servlet.DefaultServlet"></New>
                                        </Arg>
                                        <Call name="setInitParameter">
                                                <Arg>dirAllowed</Arg>
                                                <Arg>true</Arg>
                                        </Call>
                                </New>
                        </Arg>
                        <Arg>/</Arg>
                </Call>
        </New>
             <New id="deliveryDialog"
                 class="org.eclipse.jetty.servlet.ServletContextHandler">
                <Set name="contextPath">/delivery/dialog</Set>
                <Set name="baseResource">
                        <New class="org.eclipse.jetty.util.resource.PathResource">
                                <Arg>
                                        <New class="java.io.File">
                                                <Arg>
                                                        <SystemProperty name="webappdialog"
                                                                                        default="D:\\logs\\hw\\delivery\\dialog" />
                                                </Arg>
                                        </New>
                                </Arg>
                        </New>
                </Set>
                <Set name="ErrorHandler">
                        <New
                                 class="org.eclipse.jetty.servlet.ErrorPageErrorHandler">
                                <Call name="addErrorPage">
                                        <Arg>404</Arg>
                                        <Arg>/index.html</Arg>
                                </Call>
                        </New>
                </Set>
                <Call name="addServlet">
                        <Arg>
                                <New class="org.eclipse.jetty.servlet.ServletHolder">
                                        <Arg>defaultServlet</Arg>
                                        <Arg>
                                                <New
                                                         class="org.eclipse.jetty.servlet.DefaultServlet"></New>
                                        </Arg>
                                        <Call name="setInitParameter">
                                                <Arg>dirAllowed</Arg>
                                                <Arg>true</Arg>
                                        </Call>
                                </New>
                        </Arg>
                        <Arg>/</Arg>
                </Call>
        </New>
        <New id="deliveryForm"
                 class="org.eclipse.jetty.servlet.ServletContextHandler">
                <Set name="contextPath">/delivery/form</Set>
                <Set name="baseResource">
                        <New class="org.eclipse.jetty.util.resource.PathResource">
                                <Arg>
                                        <New class="java.io.File">
                                                <Arg>
                                                        <SystemProperty name="webappform"
                                                                                        default="D:\\logs\\hw\\delivery\\form" />
                                                </Arg>
                                        </New>
                                </Arg>
                        </New>
                </Set>
                <Set name="ErrorHandler">
                        <New
                                 class="org.eclipse.jetty.servlet.ErrorPageErrorHandler">
                                <Call name="addErrorPage">
                                        <Arg>404</Arg>
                                        <Arg>/index.html</Arg>
                                </Call>
                        </New>
                </Set>
                <Call name="addServlet">
                        <Arg>
                                <New class="org.eclipse.jetty.servlet.ServletHolder">
                                        <Arg>defaultServlet</Arg>
                                        <Arg>
                                                <New
                                                         class="org.eclipse.jetty.servlet.DefaultServlet"></New>
                                        </Arg>
                                        <Call name="setInitParameter">
                                                <Arg>dirAllowed</Arg>
                                                <Arg>true</Arg>
                                        </Call>
                                </New>
                        </Arg>
                        <Arg>/</Arg>
                </Call>
        </New>
		
		<New id="web"
		class="org.eclipse.jetty.servlet.ServletContextHandler">
		<Set name="contextPath">/web</Set>
		<Set name="baseResource">
			<New class="org.eclipse.jetty.util.resource.PathResource">
				<Arg>
					<New class="java.io.File">
						<Arg>
							<SystemProperty name="webapp1"
								default="D:\\logs\\hw\\web" />
						</Arg>
					</New>
				</Arg>
			</New>
		</Set>
		<Set name="ErrorHandler">
			<New  
				class="org.eclipse.jetty.servlet.ErrorPageErrorHandler">
				<Call name="addErrorPage">
					<Arg>404</Arg>
					<Arg>/index.html</Arg>
				</Call>
			</New>
		</Set>
		<Call name="addServlet">
			<Arg>
				<New class="org.eclipse.jetty.servlet.ServletHolder">
					<Arg>defaultServlet</Arg>
					<Arg>
						<New  class="org.eclipse.jetty.servlet.DefaultServlet"></New>
					</Arg>
					<Call name="setInitParameter">
						<Arg>dirAllowed</Arg>
						<Arg>true</Arg>
					</Call>
				</New>
			</Arg>
			<Arg>/</Arg>
		</Call>
		</New>
		<New id="ctcc"
		class="org.eclipse.jetty.servlet.ServletContextHandler">
		<Set name="contextPath">/ctcc</Set>
		 <Call name="addServlet">
			<Arg>
				<New class="org.eclipse.jetty.servlet.ServletHolder">
					<Arg>cspaudit</Arg>
					<Arg>
						<New  class="org.ydzy.csp.NotifyCspAudit">
							<Set name="ispName">telecom</Set>
						</New>
					</Arg>
				</New>
			</Arg>
			<Arg>/cspAudit</Arg>
		</Call>
		<Call name="addServlet" >
			<Arg>
			<New class="org.eclipse.jetty.servlet.ServletHolder">
					<Arg>editoraddchatbotservlet</Arg>
					<Arg>
						<New   	class="org.ydzy.csp.NotifyEditorAddChatbot">
							<Set name="ispName">telcsp</Set>
						</New>
					</Arg>
				</New>
			</Arg>
			<Arg>/editOrAddChatbot</Arg>
		</Call>
		<Call name="addServlet" >
			<Arg>
				<New class="org.eclipse.jetty.servlet.ServletHolder">
					<Arg>NotifyEditorAddCustomerservlet</Arg>
					<Arg>
						<New class="org.ydzy.csp.NotifyEditorAddCustomer">
							<Set name="ispName">telcsp</Set>
						</New>
					</Arg>
				</New>
			</Arg>
			<Arg>/editOrAddCustomer</Arg>
		</Call>
		
		</New>
	<New id="hw"
		 class="org.eclipse.jetty.servlet.ServletContextHandler">
		<Set name="contextPath">/hw</Set>
		<Set name="baseResource">
			<New class="org.eclipse.jetty.util.resource.PathResource">
				<Arg>
					<New class="java.io.File">
						<Arg>
							<SystemProperty name="hwwebapp"
											default="hw"/>
						</Arg>
					</New>
				</Arg>
			</New>
		</Set>

		<!-- <Set name="handler"> <New id="msgHandler" class="org.ydzy.handler.TokenService">
			</New> <New id="rcshandler" class="org.ydzy.handler.RcsHandler"> <Set name="from">Jsonfile</Set>
			</New> </Set> -->
		<Call name="addServlet">
			<Arg>
				<Ref refid="shs"></Ref>
			</Arg>
			<Arg>/msg</Arg>
		</Call>
		<New  id="qmh" class="org.eclipse.jetty.servlet.ServletHolder">
			<Arg>qrymsgservlet</Arg>
			<Arg>
				<New id="qryMsgHandler" class="org.ydzy.handler.QueryMsgHandler">
				</New>
			</Arg>
		</New>
		<Call name="addServlet">
			<Arg>
				<New class="org.eclipse.jetty.servlet.ServletHolder">

					<Arg>
						<New id="formCheckHandler" class="org.ydzy.thirdparty.gz110.check.FormCheckHandler">
						</New>
					</Arg>
				</New>
			</Arg>
			<Arg>/formCheckHandler</Arg>
		</Call>
		<Call name="addServlet">
			<Arg>
				<Ref refid="qmh"></Ref>
			</Arg>
			<Arg>/qrymsg</Arg>
		</Call>
		<!-- mdn2sid -->
		<New id="mdn2sid" class="org.eclipse.jetty.servlet.ServletHolder">
			<Arg>mdn2sidConverServlet</Arg>
			<Arg>
				<New id="mdn2sidConverHandler" class="org.ydzy.thirdparty.gz110.policeConvert.Mdn2SidConvertHandler">
				</New>
			</Arg>
		</New>
		<Call name="addServlet">
			<Arg>
				<Ref refid="mdn2sid"/>
			</Arg>
			<Arg>/mdn2sidHandler</Arg>
		</Call>
		<!-- 卡片预览 -->
		<New id="cardPreview" class="org.eclipse.jetty.servlet.ServletHolder">
			<Arg>cardmsgservlet</Arg>
			<Arg>
				<New id="qryCardPreviewHandler" class="org.ydzy.handler.CardsPreviewHandler">
				</New>
			</Arg>
		</New>
		<Call name="addServlet">
			<Arg>
				<Ref refid="cardPreview"></Ref>
			</Arg>
			<Arg>/cardPreview</Arg>
		</Call>
		<!-- 用户登录 -->
		<New  id="login" class="org.eclipse.jetty.servlet.ServletHolder">
			<Arg>loginservlet</Arg>
			<Arg>
				<New id="loginHandler" class="org.ydzy.handler.LoginHandler">
					
				</New>
			</Arg>
		</New>
		<Call name="addServlet">
			<Arg >
				<Ref refid="login"></Ref>
			</Arg>
			<Arg>/login</Arg>
		</Call>
		<!--用户注册-->
		<New  id="register" class="org.eclipse.jetty.servlet.ServletHolder">
			<Arg>registerservlet</Arg>
			<Arg>
				<New id="registerHandler" class="org.ydzy.handler.RegisterHandler">

				</New>
			</Arg>
		</New>
		<Call name="addServlet">
			<Arg >
				<Ref refid="register"></Ref>
			</Arg>
			<Arg>/register</Arg>
		</Call>
		<!-- 服务评价-->
		<New  id="evaluate" class="org.eclipse.jetty.servlet.ServletHolder">
			<Arg>evaluateservlet</Arg>
			<Arg>
				<New id="evaluateHandler" class="org.ydzy.handler.EvaluateHandler">
				</New>
			</Arg>
		</New>
		<Call name="addServlet">
			<Arg >
				<Ref refid="evaluate"/>
			</Arg>
			<Arg>/evaluate</Arg>
		</Call>
		<!-- 用户权限管理 -->
		<New  id="authManager" class="org.eclipse.jetty.servlet.ServletHolder">
			<Arg>authManagerServlet</Arg>
			<Arg>
				<New id="authManagerHandler" class="org.ydzy.handler.AuthManagerHandler">
				</New>
			</Arg>
		</New>
		<Call name="addServlet">
			<Arg >
				<Ref refid="authManager"/>
			</Arg>
			<Arg>/authManager</Arg>
		</Call>
		<!-- 菜单管理 -->
		<New  id="menuManager" class="org.eclipse.jetty.servlet.ServletHolder">
			<Arg>menuManagerServlet</Arg>
			<Arg>
				<New id="menuHandler" class="org.ydzy.handler.MenuManagerHandler">
				</New>
			</Arg>
		</New>
		<Call name="addServlet">
			<Arg >
				<Ref refid="menuManager"/>
			</Arg>
			<Arg>/menuManager</Arg>
		</Call>
		
		<New  id="cssStyleManager" class="org.eclipse.jetty.servlet.ServletHolder">
			<Arg>cssStyleManagerServlet</Arg>
			<Arg>
				<New id="cssStyleHandler" class="org.ydzy.handler.CssStyleHandler">
				</New>
			</Arg>
		</New>
		<Call name="addServlet">
			<Arg >
				<Ref refid="cssStyleManager"/>
			</Arg>
			<Arg>/cssStyle</Arg>
		</Call>
<!-- 回访 -->
	<New  id="returnVisit" class="org.eclipse.jetty.servlet.ServletHolder">
			<Arg>returnVisitServlet</Arg>
			<Arg>
				<New id="returnVisitHandler" class="org.ydzy.handler.ReturnVisit">
				</New>
			</Arg>
		</New>
		<Call name="addServlet">
			<Arg >
				<Ref refid="returnVisit"/>
			</Arg>
			<Arg>/returnVisit</Arg>
		</Call>
		<!-- video -->
		<New  id="video" class="org.eclipse.jetty.servlet.ServletHolder">
			<Arg>video</Arg>
			<Arg>
				<New id="videoHandler" class="org.ydzy.handler.VideoServlet">
				</New>
			</Arg>
		</New>
		<Call name="addServlet">
			<Arg >
				<Ref refid="video"/>
			</Arg>
			<Arg>/video</Arg>
		</Call>
		
		<!-- 推送消息 org.ydzy.handler.NotifyMsg -->
		<New  id="notifyMsg" class="org.eclipse.jetty.servlet.ServletHolder">
			<Arg>notifyMsgServlet</Arg>
			<Arg>
				<New id="notifyMsgHandler" class="org.ydzy.handler.NotifyMsg">
				</New>
			</Arg>
		</New>
		<Call name="addServlet">
			<Arg >
				<Ref refid="notifyMsg"/>
			</Arg>
			<Arg>/notifyMsg</Arg>
		</Call>
		<!-- 消息推送策略管理 -->
		<New  id="msgPushStrategyManager" class="org.eclipse.jetty.servlet.ServletHolder">
			<Arg>msgPushStrategyServlet</Arg>
			<Arg>
				<New id="msgPushStrategyHandler" class="org.ydzy.handler.MsgPushStrategyHandler">
				</New>
			</Arg>
		</New>
		<Call name="addServlet">
			<Arg >
				<Ref refid="msgPushStrategyManager"/>
			</Arg>
			<Arg>/msgPushStrategy</Arg>
		</Call>
		<!-- 应用分析 -->
		<New  id="analysisReport" class="org.eclipse.jetty.servlet.ServletHolder">
			<Arg>analysisReportServlet</Arg>
			<Arg>
				<New id="analysisReportHandler" class="org.ydzy.handler.AnalysisReportHandler">
				</New>
			</Arg>
		</New>
		<Call name="addServlet">
			<Arg >
				<Ref refid="analysisReport"/>
			</Arg>
			<Arg>/analysisReport</Arg>
		</Call>
<!--		卡片标签库管理-->
		<New  id="suggestions" class="org.eclipse.jetty.servlet.ServletHolder">
			<Arg>suggestservlet</Arg>
			<Arg>
				<New id="suggestionsHandler" class="org.ydzy.handler.SuggestionsHandler">
				</New>
			</Arg>
		</New>
		<Call name="addServlet">
			<Arg >
				<Ref refid="suggestions"/>
			</Arg>
			<Arg>/suggestions</Arg>
		</Call>
		<!--标签库管理-->
		<New id="tagManager" class="org.eclipse.jetty.servlet.ServletHolder">
			<Arg>tagservlet</Arg>
			<Arg>
				<New id="tagManagerHandler" class="org.ydzy.handler.TagManagerHandler">
				</New>
			</Arg>
		</New>
		<Call name="addServlet">
			<Arg >
				<Ref refid="tagManager"/>
			</Arg>
			<Arg>/tagManager</Arg>
		</Call>
		<!--自定义表单管理-->
		<New id="formPageManager" class="org.eclipse.jetty.servlet.ServletHolder">
			<Arg>formPageServlet</Arg>
			<Arg>
				<New id="formPageManagerHandler" class="org.ydzy.handler.FormPageManagerHandler">
				</New>
			</Arg>
		</New>
		<Call name="addServlet">
			<Arg >
				<Ref refid="formPageManager"/>
			</Arg>
			<Arg>/formPageManager</Arg>
		</Call>
		<!--转发策略管理-->
		<New id="forwardManager" class="org.eclipse.jetty.servlet.ServletHolder">
			<Arg>forwardManagerServlet</Arg>
			<Arg>
				<New id="forwardManagerHandler" class="org.ydzy.handler.ForwardManagerHandler">
				</New>
			</Arg>
		</New>
		<Call name="addServlet">
			<Arg >
				<Ref refid="forwardManager"/>
			</Arg>
			<Arg>/forwardManager</Arg>
		</Call>
		<!--gz110 order-->
		<New id="gz110OrderManager" class="org.eclipse.jetty.servlet.ServletHolder">
			<Arg>forwardManagerServlet</Arg>
			<Arg>
				<New id="gz110Handler" class="org.ydzy.handler.Gz110OrderManagerHandler">
				</New>
			</Arg>
		</New>
		<Call name="addServlet">
			<Arg >
				<Ref refid="gz110OrderManager"/>
			</Arg>
			<Arg>/gz110OrderManager</Arg>
		</Call>
		<!--user notice Handler-->
		<New id="userNotice" class="org.eclipse.jetty.servlet.ServletHolder">
			<Arg>userNoticeServlet</Arg>
			<Arg>
				<New id="userNoticeHandler" class="org.ydzy.handler.UserNoticeHandler">
				</New>
			</Arg>
		</New>
		<Call name="addServlet">
			<Arg >
				<Ref refid="userNotice"/>
			</Arg>
			<Arg>/userNotice</Arg>
		</Call>
		<!--SaaS IsvServer api Handler-->
		<New id="isvServerApi" class="org.eclipse.jetty.servlet.ServletHolder">
			<Arg>isvServerApiServlet</Arg>
			<Arg>
				<New id="isvServerApiHandler" class="org.ydzy.isv.IsvServerHandler">
				</New>
			</Arg>
		</New>
		<Call name="addServlet">
			<Arg >
				<Ref refid="isvServerApi"/>
			</Arg>
			<Arg>/isvServerApi</Arg>
		</Call>
		<!--wechat program common-auth Handler-->
		<New id="wmpAuth" class="org.eclipse.jetty.servlet.ServletHolder">
			<Arg>wmpAuthServlet</Arg>
			<Arg>
				<New id="wmpAuthHandler" class="org.ydzy.wechat.miniProgram.auth.AuthHandler"/>
			</Arg>
		</New>
		<Call name="addServlet">
			<Arg>
				<Ref refid="wmpAuth"/>
			</Arg>
			<Arg>/wmpAuth</Arg>
		</Call>
		<!--alipay program common-auth Handler-->
		<New id="wmpAliAuth" class="org.eclipse.jetty.servlet.ServletHolder">
			<Arg>wmpAliAuthServlet</Arg>
			<Arg>
				<New id="wmpAliAuthHandler" class="org.ydzy.wechat.miniProgram.alipay.AlipayAuthHandler"/>
			</Arg>
		</New>
		<Call name="addServlet">
			<Arg>
				<Ref refid="wmpAliAuth"/>
			</Arg>
			<Arg>/wmpAliAuth</Arg>
		</Call>
		<!--wechat program gz110 Handler-->
		<New id="wmpGz110" class="org.eclipse.jetty.servlet.ServletHolder">
			<Arg>wmpGz110Servlet</Arg>
			<Arg>
				<New id="wmpGz110Handler" class="org.ydzy.wechat.miniProgram.gz110.WmpGz110Handler"/>
			</Arg>
		</New>
		<Call name="addServlet">
			<Arg>
				<Ref refid="wmpGz110"/>
			</Arg>
			<Arg>/wmpGz110</Arg>
		</Call>
		<!--properties manager Handler-->
		<New id="properties" class="org.eclipse.jetty.servlet.ServletHolder">
			<Arg>propertiesServlet</Arg>
			<Arg>
				<New id="propertiesHandler" class="org.ydzy.handler.PropertiesHandler"/>
			</Arg>
		</New>
		<Call name="addServlet">
			<Arg>
				<Ref refid="properties"/>
			</Arg>
			<Arg>/properties</Arg>
		</Call>
		<!--media chunk upload Handler-->
		<New id="mediaChunkUpload" class="org.eclipse.jetty.servlet.ServletHolder">
			<Arg>mediaChunkUploadServlet</Arg>
			<Arg>
				<New id="mediaChunkUploadHandler" class="org.ydzy.handler.MediaChunkUploadHandler"/>
			</Arg>
		</New>
		<Call name="addServlet">
			<Arg>
				<Ref refid="mediaChunkUpload"/>
			</Arg>
			<Arg>/mediaChunkUpload</Arg>
		</Call>
		<!-- police study -->
		<!-- 
		<New id="policeStudy" class="org.eclipse.jetty.servlet.ServletHolder">
			<Arg>policeStudyServlet</Arg>
			<Arg>
				<New id="policeStudyHandler" class="org.ydzy.thirdparty.policeStudy.PoliceStudyHandler"/>
			</Arg>
		</New>
		<Call name="addServlet">
			<Arg>
				<Ref refid="policeStudy"/>
			</Arg>
			<Arg>/policeStudy</Arg>
		</Call>
		 -->
		<!--receive push Handler-->
		<New id="receivePush" class="org.eclipse.jetty.servlet.ServletHolder">
			<Arg>receivePushServlet</Arg>
			<Arg>
				<New id="receivePushHandler" class="org.ydzy.thirdparty.receivePush.ReceiverHandler"/>
			</Arg>
		</New>
		<Call name="addServlet">
			<Arg>
				<Ref refid="receivePush"/>
			</Arg>
			<Arg>/thirdpartyReceiver</Arg>
		</Call>
		<!-- 健康码 -->
		<New id="healthyTourcode" class="org.eclipse.jetty.servlet.ServletHolder">
			<Arg>healthyTourcodeServlet</Arg>
			<Arg>
				<New id="healthyTourcodeHander" class="org.ydzy.tourcode.HealthyTourcodeHander"/>
			</Arg>
		</New>
		<Call name="addServlet">
			<Arg>
				<Ref refid="healthyTourcode"/>
			</Arg>
			<Arg>/healthyTourcode</Arg>
		</Call>
		<!--		会话监控 -->
		<New id="smx" class="org.eclipse.jetty.servlet.ServletHolder">
			<Arg>smxservlet</Arg>
			<Arg>
				<New id="smxHandler" class="org.ydzy.handler.SessionMonitorHandler">
				</New>
			</Arg>
		</New>
		<Call name="addServlet">
			<Arg>
				<Ref refid="smx"></Ref>
			</Arg>
			<Arg>/smx</Arg>
		</Call>
<!--		多轮对话配置-->
		<New  id="procedures" class="org.eclipse.jetty.servlet.ServletHolder">
			<Arg>procedureservlet</Arg>
			<Arg>
				<New id="proceduresHandler" class="org.ydzy.handler.ProceduresHandler">
				</New>
			</Arg>
		</New>
		<Call name="addServlet">
			<Arg >
				<Ref refid="procedures"></Ref>
			</Arg>
			<Arg>/procedures</Arg>
		</Call>
<!--		警情单配置-->
		<New  id="policeorder" class="org.eclipse.jetty.servlet.ServletHolder">
			<Arg>policeorderservlet</Arg>
			<Arg>
				<New id="policeorderHander" class="org.ydzy.handler.PoliceorderHander">
				</New>
			</Arg>
		</New>
		<Call name="addServlet">
			<Arg >
				<Ref refid="policeorder"></Ref>
			</Arg>
			<Arg>/case/create</Arg>
		</Call>

		<!--		文件转pdf工具接口-->
		<New  id="fileConvert" class="org.eclipse.jetty.servlet.ServletHolder">
			<Arg>fileConvertServlet</Arg>
			<Arg>
				<New id="fileConvertHandler" class="org.ydzy.inner.fileconvert.FileConvertHandler">
				</New>
			</Arg>
		</New>
		<Call name="addServlet">
			<Arg >
				<Ref refid="fileConvert"/>
			</Arg>
			<Arg>/inner/fileConvert</Arg>
		</Call>
		<!--		chatbot演示测试接口-->
		<New  id="chatbotDisplay" class="org.eclipse.jetty.servlet.ServletHolder">
			<Arg>chatbotDisplayServlet</Arg>
			<Arg>
				<New id="chatbotDisplayHandler" class="org.ydzy.rcs.display.ChatbotDisplayHandler">
				</New>
			</Arg>
		</New>
		<Call name="addServlet">
			<Arg >
				<Ref refid="chatbotDisplay"/>
			</Arg>
			<Arg>/chatbotDisplay</Arg>
		</Call>

		<!--		企业问题处理中心接口-->
		<New  id="gzQuestionDeal" class="org.eclipse.jetty.servlet.ServletHolder">
			<Arg>companyTargetCustomerServlet</Arg>
			<Arg>
				<New id="gzQuestionDealHandler" class="org.ydzy.handler.GZQuestionDealHandler">
				</New>
			</Arg>
		</New>
		<Call name="addServlet">
			<Arg >
				<Ref refid="gzQuestionDeal"/>
			</Arg>
			<Arg>/gz-question-deal</Arg>
		</Call>

		<!--		语音识别接口-->
		<New  id="voicetext" class="org.eclipse.jetty.servlet.ServletHolder">
			<Arg>voicetextservlet</Arg>
			<Arg>
				<New id="voiceHander" class="org.ydzy.handler.VoicetextHandler">
				</New>
			</Arg>
		</New>
		<Call name="addServlet">
			<Arg >
				<Ref refid="voicetext"></Ref>
			</Arg>
			<Arg>/voicetext</Arg>
		</Call>

		<Call name="addServlet">
			<Arg>
				<New class="org.eclipse.jetty.servlet.ServletHolder">
					<Arg>uploadHwservlet</Arg>
					<Arg>
						<New id="mediaHandler" class="org.ydzy.handler.UploadMedia">
							<Set name="uploadway"><SystemProperty name="uploadmediaway" default="uploadHw" /></Set>
						</New>
					</Arg>
				</New>
			</Arg>
			<Arg>/media</Arg>
		</Call>

		 <Call name="addServlet">
			<Arg>
				<New class="org.eclipse.jetty.servlet.ServletHolder">
					<Arg>receveMsgServlet</Arg>
					<Arg>
						<New   class="org.ydzy.csp.openapi.ReceiveMsg">
						</New>
					</Arg>
				</New>
			</Arg>
			<Arg>/messageNotification/msg</Arg>
		</Call>
		<Call name="addServlet">
			<Arg>
				<New class="org.eclipse.jetty.servlet.ServletHolder">
					<Arg>receveEventMsgServlet</Arg>
					<Arg>
						<New   class="org.ydzy.csp.openapi.ReceiveEventMsg">
						</New>
					</Arg>
				</New>
			</Arg>
			<Arg>/messageNotification/eventMsg</Arg>
		</Call>


		<Call name="addServlet">
			<Arg>
				<New class="org.eclipse.jetty.servlet.ServletHolder">
					<Arg>commonservlet</Arg>
					<Arg>
						<New id="commonHandler" class="org.ydzy.handler.CommonQuery">
						</New>
					</Arg>
				</New>
			</Arg>
			<Arg>/common</Arg>
		</Call>

		<Call name="addServlet">
			<Arg>
				<New class="org.eclipse.jetty.servlet.ServletHolder">
					<Arg>payservlet</Arg>
					<Arg>
						<New id="payHandler" class="org.ydzy.handler.AipayHandler">
						</New>
					</Arg>
				</New>
			</Arg>
			<Arg>/aipay</Arg>
		</Call>

		<!--	行政区列表接口	-->
		<Call name="addServlet">
			<Arg>
				<New class="org.eclipse.jetty.servlet.ServletHolder">
					<Arg>countryRegion</Arg>
					<Arg>
						<New id="countryRegion" class="org.ydzy.handler.QueryCountryRegionHandler">
						</New>
					</Arg>
				</New>
			</Arg>
			<Arg>/country</Arg>
		</Call>

		<Call name="addServlet">
			<Arg>
				<New class="org.eclipse.jetty.servlet.ServletHolder">
					<Arg>bakservlet</Arg>
					<Arg>
						<New id="back" class="org.ydzy.handler.AipayBack">
						</New>
					</Arg>
				</New>
			</Arg>
			<Arg>/aiback</Arg>
		</Call>

		<Call name="addServlet">
			<Arg>
				<New class="org.eclipse.jetty.servlet.ServletHolder">
					<Arg>nofityservlet</Arg>
					<Arg>
						<New id="nofity" class="org.ydzy.handler.AipayNotify">
						</New>
					</Arg>
				</New>
			</Arg>
			<Arg>/ainotify</Arg>
		</Call>
		<Call name="addServlet">
			<Arg>
				<New class="org.eclipse.jetty.servlet.ServletHolder">
					<Arg>redirectservlet</Arg>
					<Arg>
						<New id="redirectclient"
							class="org.ydzy.handler.DefaultYdClient">
						</New>
					</Arg>
				</New>
			</Arg>
			<Arg>/redirect</Arg>
		</Call>
		
		<Call name="addServlet">
			<Arg>
				<New class="org.eclipse.jetty.servlet.ServletHolder">
					<Arg>position2xq</Arg>
					<Arg>
						<New  
							class="org.ydzy.handler.Position2XQ">
						</New>
					</Arg>
				</New>
			</Arg>
			<Arg>/position2xq</Arg>
		</Call>
		
		
		<Call name="addServlet">
			<Arg>
				<New class="org.eclipse.jetty.servlet.ServletHolder">
					<Arg>bindPhone</Arg>
					<Arg>
						<New id="bindPhoneClient"
							class="org.ydzy.handler.PhoneBind">
						</New>
					</Arg>
				</New>
			</Arg>
			<Arg>/bindPhone</Arg>
		</Call>
		
		<Call name="addServlet" >
			<Arg>
			<New class="org.eclipse.jetty.servlet.ServletHolder">
					<Arg>cspservlet</Arg>
					<Arg>
						<New id="redirectcsp"
							class="org.ydzy.csp.CspHandler">
						</New>
					</Arg>
				</New>
			</Arg>
			<Arg>/csp</Arg>
		</Call>

		<Call name="addServlet" >
			<Arg>
			<New class="org.eclipse.jetty.servlet.ServletHolder">
					<Arg>tripservlet</Arg>
				<Arg>
					<New
							class="org.ydzy.handler.TripCard">
					</New>
				</Arg>
				</New>
			</Arg>
			<Arg>/tripservlet</Arg>
		</Call>

		<Call name="addServlet">
			<Arg>
				<New class="org.eclipse.jetty.servlet.ServletHolder">
					<Arg>botinfomenusServlet</Arg>
					<Arg>
						<New id="botinfoMenuHandler" class="org.ydzy.handler.BotinfoMenus">
						</New>
					</Arg>
				</New>
			</Arg>
			<Arg>/botinfomenus</Arg>
		</Call>

		<!-- 灵活配置handler容器 by luojp 20210811 -->
		<Call name="addServlet">
			<Arg>
				<New class="org.eclipse.jetty.servlet.ServletHolder">
					<Arg>containerServlet</Arg>
					<Arg>
						<New id="containerHandler" class="org.ydzy.handler.ContainerHandler">
						</New>
					</Arg>
				</New>
			</Arg>
			<Arg>/container</Arg>
		</Call>
		<!-- 通过Rest接口直接发送短信 by luojp 20210926 -->
		<Call name="addServlet">
			<Arg>
				<New class="org.eclipse.jetty.servlet.ServletHolder">
					<Arg>sendSessionSmsServlet</Arg>
					<Arg>
						<New class="org.ydzy.handler.SessionSmsHandler">
						</New>
					</Arg>
				</New>
			</Arg>
			<Arg>/sendSessionSms</Arg>
		</Call>

		<Call name="addServlet">
			<Arg>
				<New class="org.eclipse.jetty.servlet.ServletHolder">
					<Arg>defaultServlet</Arg>
					<Arg>
						<New id="defaults"
							class="org.eclipse.jetty.servlet.DefaultServlet"></New>
					</Arg>
					<Call name="setInitParameter">
						<Arg>dirAllowed</Arg>
						<Arg>true</Arg>
					</Call>
				</New>
			</Arg>
			<Arg>/</Arg>
		</Call>
		
	</New>

	<New id="bot" class="org.eclipse.jetty.server.handler.HandlerList">
		<Set name="handlers">
			<Array type="org.eclipse.jetty.server.Handler">
				<Item>
					<New id="botNotify" class="org.ydzy.bot.handler.SuffixContextHandler">
						<Arg>/notifyPath</Arg>
						<Call name="setHandler">
							<Arg>
								<New id="botNotifyHandler" class="org.ydzy.bot.handler.NotifyHandler" />
							</Arg>
						</Call>
					</New>
				</Item>
				<Item>
					<New id="botMessages" class="org.ydzy.bot.handler.SuffixContextHandler">
						<Arg>/messages</Arg>
						<Call name="setHandler">
							<Arg><New id="botMessagesHandler" class="org.ydzy.bot.handler.MessagesHandler" /></Arg>
						</Call>
					</New>
				</Item>
				<Item>
					<New class="org.ydzy.bot.handler.SuffixContextHandler">
						<Arg>/status</Arg>
						<Call name="setHandler">
							<Arg><New class="org.ydzy.bot.handler.StatusHandler" /></Arg>
						</Call>
					</New>
				</Item>
				<Item>
					<New class="org.ydzy.bot.handler.SuffixContextHandler">
						<Arg>/notice/informationChange</Arg>
						<Call name="setHandler">
							<Arg><New class="org.ydzy.bot.handler.InformationChangeHandler" /></Arg>
						</Call>
					</New>
				</Item>
				<Item>
					<New class="org.ydzy.bot.handler.SuffixContextHandler">
						<Arg>/notice/rcsspam</Arg>
						<Call name="setHandler">
							<Arg><New class="org.ydzy.bot.handler.RcsspamHandler" /></Arg>
						</Call>
					</New>
				</Item>
				<Item>
					<New class="org.ydzy.bot.handler.SuffixContextHandler">
						<Arg>/check</Arg>
						<Call name="setHandler">
							<Arg><New class="org.ydzy.bot.handler.CheckHandler" /></Arg>
						</Call>
					</New>
				</Item>
				<Item>
					<New class="org.ydzy.bot.handler.ContextAliasHandler">
						<Arg>/botmedia/InboundMessageNotification</Arg>
						<Call name="setAliasPath"><Arg>/bot/botmedia/InboundMessageNotification</Arg></Call>
						<Call name="setHandler">
							<Arg><New class="org.ydzy.bot.handler.MediaNotificationHandler" /></Arg>
						</Call>
					</New>
				</Item>
				<Item>
					<New class="org.ydzy.bot.handler.ContextAliasHandler">
						<Arg>/botmessage/InboundMessageNotification</Arg>
						<Call name="setAliasPath"><Arg>/bot/botmessage/InboundMessageNotification</Arg></Call>
						<Call name="setHandler">
							<Arg><New class="org.ydzy.bot.handler.MessageInboundHandler" /></Arg>
						</Call>
					</New>
				</Item>
				<Item>
					<New class="org.ydzy.bot.handler.ContextAliasHandler">
						<Arg>/botmessage/DeliveryInfoNotification</Arg>
						<Call name="setAliasPath"><Arg>/botmessage//DeliveryInfoNotification</Arg></Call>
						<Call name="setHandler">
							<Arg><New class="org.ydzy.bot.handler.MessageDeliveryHandler" /></Arg>
						</Call>
					</New>
				</Item>
				<Item>
					<New class="org.ydzy.bot.handler.ContextAliasHandler">
						<Arg>/botmessage/MessageStatusNotification</Arg>
						<Call name="setAliasPath"><Arg>/bot/botmessage//MessageStatusNotification</Arg></Call>
						<Call name="setHandler">
							<Arg><New class="org.ydzy.bot.handler.MessageStatusHandler" /></Arg>
						</Call>
					</New>
				</Item>
				<Item>
					<New class="org.ydzy.bot.handler.ContextAliasHandler">
						<Arg>/sms</Arg>
						<Call name="setHandler">
							<Arg><New class="org.ydzy.bot.handler.SmsHandler" /></Arg>
						</Call>
					</New>
				</Item>
				<Item>
					<New class="org.ydzy.bot.handler.ContextAliasHandler">
						<Arg>/bot/receivecallstatus</Arg>
						<Call name="setAliasPath"><Arg>/bot/receivecall</Arg></Call>
						<Call name="setHandler">
							<Arg><New class="org.ydzy.bot.handler.ReceiveCallHandler" /></Arg>
						</Call>
					</New>
				</Item>
				<Item>
					<New class="org.ydzy.bot.handler.ContextAliasHandler">
						<Arg>/bot/receiveCallEvent</Arg>
						<Call name="setAliasPath"><Arg>/bot/receiveCallNew</Arg></Call>
						<Call name="setHandler">
							<Arg><New class="org.ydzy.bot.handler.CallEventHandler" /></Arg>
						</Call>
					</New>
				</Item>
			</Array>
		</Set>
	</New>
	<New id="busFwd" class="org.eclipse.jetty.server.handler.ContextHandler">
		<Set name="contextPath">/bus</Set>
		<Call name="setHandler">
			<Arg>
				<New class="org.ydzy.bus.FwdHandler">
				</New>
			</Arg>
		</Call>
	</New>

	<Set name="handler">
		<New class="org.eclipse.jetty.server.handler.HandlerList">
			<Set name="handlers">
				<Array type="org.eclipse.jetty.server.Handler">
					<!-- <Item> <New class="org.eclipse.jetty.server.handler.ResourceHandler"> 
						<Set name="directoriesListed">true</Set> <Set name="welcomeFiles"> <Array 
						type="String"> <Item>index.html</Item> </Array> </Set> <Set name="resourceBase"> 
						<Property name="fileserver.baseresource" default="." /> </Set> </New> </Item> -->

					<!-- <Item> <Ref refid="hello" /> </Item> -->
					<!-- <Item> <New id="RequestLogHandler" class="org.eclipse.jetty.server.handler.RequestLogHandler" 
						/> </Item> -->
					<Item>
						<New class="org.eclipse.jetty.server.handler.gzip.GzipHandler">
							<Set name="minGzipSize">10</Set>
							<Call name="addIncludedMimeTypes">
								<Array type="String">
									<Item>text/plain</Item>
									<Item>text/html</Item>
								</Array>
							</Call>
							<Call name="setHandler">
								<Arg>
									<New
										class="org.eclipse.jetty.server.handler.HandlerCollection">
										<Set name="handlers">
											<Array type="org.eclipse.jetty.server.Handler">
												<Item>
													<Ref refid="busFwd"/>
												</Item>
												<Item>
													<Ref refid="tcquery"/>
												</Item>
												<!--												<Item>-->
												<!--												<Ref refid="writefile" />-->
												<!--												</Item>-->
												<Item>
													<New id="corsFilterContext"
														 class="org.ydzy.filter.FilterContextHandler">
														<Arg type="String">org.ydzy.filter.CorsFilter</Arg>
													</New>
												</Item>
												<Item>
													<Ref refid="bot"/>
												</Item>
												<Item>
													<Ref refid="restart" />
												</Item>
												<Item>
													<Ref refid="delivery"/>
												</Item>
												<Item>
													<Ref refid="deliveryDialog"/>
												</Item>
												<Item>
													<Ref refid="deliveryForm"/>
												</Item>

                                                <Item>
                                                     <Ref refid="web"/>
                                                </Item>
												<Item>
													<Ref refid="ctcc" />
												</Item>
												
												<Item>
													<New id="loginFilterContext"
														class="org.ydzy.filter.FilterContextHandler">
														<Arg type="String">org.ydzy.filter.LoginFilter</Arg>
														<Arg>
															<New class="java.util.HashMap">
																<Call name="put">
																	<Arg>initParamKey</Arg>
																	<Arg>InitParamValue</Arg>
																</Call>
															</New>
														</Arg>
													</New>
												</Item>
												
												<Item>
													<Ref refid="query" />
												</Item>
												<Item>
													<Ref refid="logger" />
												</Item>
												<Item>
													<Ref refid="hw" />
												</Item>
												
											</Array>
										</Set>
									</New>
								</Arg>
							</Call>
						</New>
					</Item>
					<Item>
						<New class="org.eclipse.jetty.server.handler.DefaultHandler">
						</New>
					</Item>
				</Array>
			</Set>
		</New>
	</Set>
</Configure>