<configuration>
  <!-- always a good activate OnConsoleStatusListener -->
  <statusListener class="ch.qos.logback.core.status.OnConsoleStatusListener" />  

  <appender name="FILE" class="ch.qos.logback.core.rolling.RollingFileAppender">
    <file>H://logs1//qaccess.log</file>
    <rollingPolicy class="ch.qos.logback.core.rolling.TimeBasedRollingPolicy">
      <fileNamePattern>H://logs1//qaccess.%d{yyyy-MM-dd}.log.zip</fileNamePattern>
    </rollingPolicy>
    <encoder>
      <pattern>combined</pattern>
    </encoder>
  </appender>
 
  <appender-ref ref="FILE" />
</configuration>
