<?xml version="1.0" encoding="UTF-8" ?>
<!DOCTYPE mapper PUBLIC "-//mybatis.org//DTD Mapper 3.0//EN" "http://mybatis.org/dtd/mybatis-3-mapper.dtd" >
<mapper namespace="com.cvtt.safenumber.dao.Arc95013Mapper" >
  <resultMap id="BaseResultMap" type="com.cvtt.safenumber.pojo.Arc95013" >
    <!--
      WARNING - @mbggenerated
      This element is automatically generated by MyBatis Generator, do not modify.
      This element was generated on Mon Jul 17 16:21:19 CST 2017.
    -->
    <result column="id" property="id" jdbcType="BIGINT" />
    <result column="call_id" property="callId" jdbcType="VARCHAR" />
    <result column="unitid" property="unitid" jdbcType="VARCHAR" />
    <result column="no_a" property="noA" jdbcType="VARCHAR" />
    <result column="no_x" property="noX" jdbcType="VARCHAR" />
    <result column="no_b" property="noB" jdbcType="VARCHAR" />
    <result column="start_time" property="startTime" jdbcType="TIMESTAMP" />
    <result column="ring_time" property="ringTime" jdbcType="TIMESTAMP" />
    <result column="answer_time" property="answerTime" jdbcType="TIMESTAMP" />
    <result column="release_time" property="releaseTime" jdbcType="TIMESTAMP" />
    <result column="release_dir" property="releaseDir" jdbcType="VARCHAR" />
    <result column="release_cause" property="releaseCause" jdbcType="VARCHAR" />
    <result column="duration" property="duration" jdbcType="INTEGER" />
    <result column="leg" property="leg" jdbcType="CHAR" />
    <result column="recording_file" property="recordingFile" jdbcType="VARCHAR" />
    <result column="voicemail_file" property="voicemailFile" jdbcType="VARCHAR" />
    <result column="interface_result" property="interfaceResult" jdbcType="VARCHAR" />
    <result column="sip_result" property="sipResult" jdbcType="VARCHAR" />
    <result column="calltype" property="calltype" jdbcType="VARCHAR" />
    <result column="subid" property="subid" jdbcType="VARCHAR" />
    <result column="areacode" property="areacode" jdbcType="VARCHAR" />
  </resultMap>
  <sql id="Example_Where_Clause" >
    <!--
      WARNING - @mbggenerated
      This element is automatically generated by MyBatis Generator, do not modify.
      This element was generated on Mon Jul 17 16:21:19 CST 2017.
    -->
    <where >
      <foreach collection="oredCriteria" item="criteria" separator="or" >
        <if test="criteria.valid" >
          <trim prefix="(" suffix=")" prefixOverrides="and" >
            <foreach collection="criteria.criteria" item="criterion" >
              <choose >
                <when test="criterion.noValue" >
                  and ${criterion.condition}
                </when>
                <when test="criterion.singleValue" >
                  and ${criterion.condition} #{criterion.value}
                </when>
                <when test="criterion.betweenValue" >
                  and ${criterion.condition} #{criterion.value} and #{criterion.secondValue}
                </when>
                <when test="criterion.listValue" >
                  and ${criterion.condition}
                  <foreach collection="criterion.value" item="listItem" open="(" close=")" separator="," >
                    #{listItem}
                  </foreach>
                </when>
              </choose>
            </foreach>
          </trim>
        </if>
      </foreach>
    </where>
  </sql>
  <sql id="Update_By_Example_Where_Clause" >
    <!--
      WARNING - @mbggenerated
      This element is automatically generated by MyBatis Generator, do not modify.
      This element was generated on Mon Jul 17 16:21:19 CST 2017.
    -->
    <where >
      <foreach collection="example.oredCriteria" item="criteria" separator="or" >
        <if test="criteria.valid" >
          <trim prefix="(" suffix=")" prefixOverrides="and" >
            <foreach collection="criteria.criteria" item="criterion" >
              <choose >
                <when test="criterion.noValue" >
                  and ${criterion.condition}
                </when>
                <when test="criterion.singleValue" >
                  and ${criterion.condition} #{criterion.value}
                </when>
                <when test="criterion.betweenValue" >
                  and ${criterion.condition} #{criterion.value} and #{criterion.secondValue}
                </when>
                <when test="criterion.listValue" >
                  and ${criterion.condition}
                  <foreach collection="criterion.value" item="listItem" open="(" close=")" separator="," >
                    #{listItem}
                  </foreach>
                </when>
              </choose>
            </foreach>
          </trim>
        </if>
      </foreach>
    </where>
  </sql>
  <sql id="Base_Column_List" >
    <!--
      WARNING - @mbggenerated
      This element is automatically generated by MyBatis Generator, do not modify.
      This element was generated on Mon Jul 17 16:21:19 CST 2017.
    -->
    id, call_id, unitid, no_a, no_x, no_b, start_time, ring_time, answer_time, release_time, 
    release_dir, release_cause, duration, leg, recording_file, voicemail_file, interface_result, 
    sip_result,calltype
  </sql>
  <select id="selectByExample" resultMap="BaseResultMap" parameterType="com.cvtt.safenumber.pojo.Arc95013Example" >
    <!--
      WARNING - @mbggenerated
      This element is automatically generated by MyBatis Generator, do not modify.
      This element was generated on Mon Jul 17 16:21:19 CST 2017.
    -->
    select
    <if test="distinct" >
      distinct
    </if>
    <include refid="Base_Column_List" />
    from ARC_95013
    <if test="_parameter != null" >
      <include refid="Example_Where_Clause" />
    </if>
    <if test="orderByClause != null" >
      order by ${orderByClause}
    </if>
  </select>
  <delete id="deleteByExample" parameterType="com.cvtt.safenumber.pojo.Arc95013Example" >
    <!--
      WARNING - @mbggenerated
      This element is automatically generated by MyBatis Generator, do not modify.
      This element was generated on Mon Jul 17 16:21:19 CST 2017.
    -->
    delete from ARC_95013
    <if test="_parameter != null" >
      <include refid="Example_Where_Clause" />
    </if>
  </delete>
  <insert id="insert" parameterType="com.cvtt.safenumber.pojo.Arc95013" >
    <!--
      WARNING - @mbggenerated
      This element is automatically generated by MyBatis Generator, do not modify.
      This element was generated on Mon Jul 17 16:21:19 CST 2017.
    -->
    insert into ARC_95013 (id, call_id, unitid, 
      no_a, no_x, no_b, start_time, 
      ring_time, answer_time, release_time, 
      release_dir, release_cause, duration, 
      leg, recording_file, voicemail_file, 
      interface_result, sip_result,request_id,calltype,subid,areacode)
    values (#{id,jdbcType=BIGINT}, #{callId,jdbcType=VARCHAR}, #{unitid,jdbcType=VARCHAR}, 
      #{noA,jdbcType=VARCHAR}, #{noX,jdbcType=VARCHAR}, #{noB,jdbcType=VARCHAR}, #{startTime,jdbcType=TIMESTAMP}, 
      #{ringTime,jdbcType=TIMESTAMP}, #{answerTime,jdbcType=TIMESTAMP}, #{releaseTime,jdbcType=TIMESTAMP}, 
      #{releaseDir,jdbcType=VARCHAR}, #{releaseCause,jdbcType=VARCHAR}, #{duration,jdbcType=INTEGER}, 
      #{leg,jdbcType=CHAR}, #{recordingFile,jdbcType=VARCHAR}, #{voicemailFile,jdbcType=VARCHAR}, 
      #{interfaceResult,jdbcType=VARCHAR}, #{sipResult,jdbcType=VARCHAR}, #{request_id,jdbcType=VARCHAR},
      #{calltype,jdbcType=VARCHAR},#{subid,jdbcType=VARCHAR},#{areacode,jdbcType=VARCHAR} )
  </insert>
  <insert id="insertSelective" parameterType="com.cvtt.safenumber.pojo.Arc95013" >
    <!--
      WARNING - @mbggenerated
      This element is automatically generated by MyBatis Generator, do not modify.
      This element was generated on Mon Jul 17 16:21:19 CST 2017.
    -->
    insert into ARC_95013
    <trim prefix="(" suffix=")" suffixOverrides="," >
      <if test="id != null" >
        id,
      </if>
      <if test="callId != null" >
        call_id,
      </if>
      <if test="unitid != null" >
        unitid,
      </if>
      <if test="noA != null" >
        no_a,
      </if>
      <if test="noX != null" >
        no_x,
      </if>
      <if test="noB != null" >
        no_b,
      </if>
      <if test="startTime != null" >
        start_time,
      </if>
      <if test="ringTime != null" >
        ring_time,
      </if>
      <if test="answerTime != null" >
        answer_time,
      </if>
      <if test="releaseTime != null" >
        release_time,
      </if>
      <if test="releaseDir != null" >
        release_dir,
      </if>
      <if test="releaseCause != null" >
        release_cause,
      </if>
      <if test="duration != null" >
        duration,
      </if>
      <if test="leg != null" >
        leg,
      </if>
      <if test="recordingFile != null" >
        recording_file,
      </if>
      <if test="voicemailFile != null" >
        voicemail_file,
      </if>
      <if test="interfaceResult != null" >
        interface_result,
      </if>
      <if test="sipResult != null" >
        sip_result,
      </if>
    </trim>
    <trim prefix="values (" suffix=")" suffixOverrides="," >
      <if test="id != null" >
        #{id,jdbcType=BIGINT},
      </if>
      <if test="callId != null" >
        #{callId,jdbcType=VARCHAR},
      </if>
      <if test="unitid != null" >
        #{unitid,jdbcType=VARCHAR},
      </if>
      <if test="noA != null" >
        #{noA,jdbcType=VARCHAR},
      </if>
      <if test="noX != null" >
        #{noX,jdbcType=VARCHAR},
      </if>
      <if test="noB != null" >
        #{noB,jdbcType=VARCHAR},
      </if>
      <if test="startTime != null" >
        #{startTime,jdbcType=TIMESTAMP},
      </if>
      <if test="ringTime != null" >
        #{ringTime,jdbcType=TIMESTAMP},
      </if>
      <if test="answerTime != null" >
        #{answerTime,jdbcType=TIMESTAMP},
      </if>
      <if test="releaseTime != null" >
        #{releaseTime,jdbcType=TIMESTAMP},
      </if>
      <if test="releaseDir != null" >
        #{releaseDir,jdbcType=VARCHAR},
      </if>
      <if test="releaseCause != null" >
        #{releaseCause,jdbcType=VARCHAR},
      </if>
      <if test="duration != null" >
        #{duration,jdbcType=INTEGER},
      </if>
      <if test="leg != null" >
        #{leg,jdbcType=CHAR},
      </if>
      <if test="recordingFile != null" >
        #{recordingFile,jdbcType=VARCHAR},
      </if>
      <if test="voicemailFile != null" >
        #{voicemailFile,jdbcType=VARCHAR},
      </if>
      <if test="interfaceResult != null" >
        #{interfaceResult,jdbcType=VARCHAR},
      </if>
      <if test="sipResult != null" >
        #{sipResult,jdbcType=VARCHAR},
      </if>
    </trim>
  </insert>
  <select id="countByExample" parameterType="com.cvtt.safenumber.pojo.Arc95013Example" resultType="java.lang.Integer" >
    <!--
      WARNING - @mbggenerated
      This element is automatically generated by MyBatis Generator, do not modify.
      This element was generated on Mon Jul 17 16:21:19 CST 2017.
    -->
    select count(*) from ARC_95013
    <if test="_parameter != null" >
      <include refid="Example_Where_Clause" />
    </if>
  </select>
  <update id="updateByExampleSelective" parameterType="map" >
    <!--
      WARNING - @mbggenerated
      This element is automatically generated by MyBatis Generator, do not modify.
      This element was generated on Mon Jul 17 16:21:19 CST 2017.
    -->
    update ARC_95013
    <set >
      <if test="record.id != null" >
        id = #{record.id,jdbcType=BIGINT},
      </if>
      <if test="record.callId != null" >
        call_id = #{record.callId,jdbcType=VARCHAR},
      </if>
      <if test="record.unitid != null" >
        unitid = #{record.unitid,jdbcType=VARCHAR},
      </if>
      <if test="record.noA != null" >
        no_a = #{record.noA,jdbcType=VARCHAR},
      </if>
      <if test="record.noX != null" >
        no_x = #{record.noX,jdbcType=VARCHAR},
      </if>
      <if test="record.noB != null" >
        no_b = #{record.noB,jdbcType=VARCHAR},
      </if>
      <if test="record.startTime != null" >
        start_time = #{record.startTime,jdbcType=TIMESTAMP},
      </if>
      <if test="record.ringTime != null" >
        ring_time = #{record.ringTime,jdbcType=TIMESTAMP},
      </if>
      <if test="record.answerTime != null" >
        answer_time = #{record.answerTime,jdbcType=TIMESTAMP},
      </if>
      <if test="record.releaseTime != null" >
        release_time = #{record.releaseTime,jdbcType=TIMESTAMP},
      </if>
      <if test="record.releaseDir != null" >
        release_dir = #{record.releaseDir,jdbcType=VARCHAR},
      </if>
      <if test="record.releaseCause != null" >
        release_cause = #{record.releaseCause,jdbcType=VARCHAR},
      </if>
      <if test="record.duration != null" >
        duration = #{record.duration,jdbcType=INTEGER},
      </if>
      <if test="record.leg != null" >
        leg = #{record.leg,jdbcType=CHAR},
      </if>
      <if test="record.recordingFile != null" >
        recording_file = #{record.recordingFile,jdbcType=VARCHAR},
      </if>
      <if test="record.voicemailFile != null" >
        voicemail_file = #{record.voicemailFile,jdbcType=VARCHAR},
      </if>
      <if test="record.interfaceResult != null" >
        interface_result = #{record.interfaceResult,jdbcType=VARCHAR},
      </if>
      <if test="record.sipResult != null" >
        sip_result = #{record.sipResult,jdbcType=VARCHAR},
      </if>
    </set>
    <if test="_parameter != null" >
      <include refid="Update_By_Example_Where_Clause" />
    </if>
  </update>
  <update id="updateByExample" parameterType="map" >
    <!--
      WARNING - @mbggenerated
      This element is automatically generated by MyBatis Generator, do not modify.
      This element was generated on Mon Jul 17 16:21:19 CST 2017.
    -->
    update ARC_95013
    set id = #{record.id,jdbcType=BIGINT},
      call_id = #{record.callId,jdbcType=VARCHAR},
      unitid = #{record.unitid,jdbcType=VARCHAR},
      no_a = #{record.noA,jdbcType=VARCHAR},
      no_x = #{record.noX,jdbcType=VARCHAR},
      no_b = #{record.noB,jdbcType=VARCHAR},
      start_time = #{record.startTime,jdbcType=TIMESTAMP},
      ring_time = #{record.ringTime,jdbcType=TIMESTAMP},
      answer_time = #{record.answerTime,jdbcType=TIMESTAMP},
      release_time = #{record.releaseTime,jdbcType=TIMESTAMP},
      release_dir = #{record.releaseDir,jdbcType=VARCHAR},
      release_cause = #{record.releaseCause,jdbcType=VARCHAR},
      duration = #{record.duration,jdbcType=INTEGER},
      leg = #{record.leg,jdbcType=CHAR},
      recording_file = #{record.recordingFile,jdbcType=VARCHAR},
      voicemail_file = #{record.voicemailFile,jdbcType=VARCHAR},
      interface_result = #{record.interfaceResult,jdbcType=VARCHAR},
      calltype = #{record.calltype,jdbcType=VARCHAR},
      sip_result = #{record.sipResult,jdbcType=VARCHAR}
    <if test="_parameter != null" >
      <include refid="Update_By_Example_Where_Clause" />
    </if>
  </update>
</mapper>