<?xml version="1.0" encoding="UTF-8"?>
<!DOCTYPE mapper PUBLIC "-//mybatis.org//DTD Mapper 3.0//EN" "http://mybatis.org/dtd/mybatis-3-mapper.dtd">
<mapper namespace="com.cvtt.safenumber.dao.SysApplicationMapper">
  <resultMap id="BaseResultMap" type="com.cvtt.safenumber.pojo.SysApplication">
    <!--
      WARNING - @mbg.generated
      This element is automatically generated by MyBatis Generator, do not modify.
      This element was generated on Mon Apr 24 18:21:02 CST 2017.
    -->
    <id column="APP_KEY" jdbcType="VARCHAR" property="appKey" />
    <result column="API_URL" jdbcType="VARCHAR" property="apiUrl" />
    <result column="APP_NAME" jdbcType="VARCHAR" property="appName" />
    <result column="APP_SECRET" jdbcType="VARCHAR" property="appSecret" />
    <result column="APP_TYPE" jdbcType="VARCHAR" property="appType" />
    <result column="CREATE_TIME" jdbcType="TIMESTAMP" property="createTime" />
    <result column="CREATE_USER" jdbcType="BIGINT" property="createUser" />
    <result column="LAST_STATUS_TIME" jdbcType="TIMESTAMP" property="lastStatusTime" />
    <result column="LOG_INFO" jdbcType="VARCHAR" property="logInfo" />
    <result column="STATUS" jdbcType="VARCHAR" property="status" />
  </resultMap>
  <sql id="Example_Where_Clause">
    <!--
      WARNING - @mbg.generated
      This element is automatically generated by MyBatis Generator, do not modify.
      This element was generated on Mon Apr 24 18:21:02 CST 2017.
    -->
    <where>
      <foreach collection="oredCriteria" item="criteria" separator="or">
        <if test="criteria.valid">
          <trim prefix="(" prefixOverrides="and" suffix=")">
            <foreach collection="criteria.criteria" item="criterion">
              <choose>
                <when test="criterion.noValue">
                  and ${criterion.condition}
                </when>
                <when test="criterion.singleValue">
                  and ${criterion.condition} #{criterion.value}
                </when>
                <when test="criterion.betweenValue">
                  and ${criterion.condition} #{criterion.value} and #{criterion.secondValue}
                </when>
                <when test="criterion.listValue">
                  and ${criterion.condition}
                  <foreach close=")" collection="criterion.value" item="listItem" open="(" separator=",">
                    #{listItem}
                  </foreach>
                </when>
              </choose>
            </foreach>
          </trim>
        </if>
      </foreach>
    </where>
  </sql>
  <sql id="Update_By_Example_Where_Clause">
    <!--
      WARNING - @mbg.generated
      This element is automatically generated by MyBatis Generator, do not modify.
      This element was generated on Mon Apr 24 18:21:02 CST 2017.
    -->
    <where>
      <foreach collection="example.oredCriteria" item="criteria" separator="or">
        <if test="criteria.valid">
          <trim prefix="(" prefixOverrides="and" suffix=")">
            <foreach collection="criteria.criteria" item="criterion">
              <choose>
                <when test="criterion.noValue">
                  and ${criterion.condition}
                </when>
                <when test="criterion.singleValue">
                  and ${criterion.condition} #{criterion.value}
                </when>
                <when test="criterion.betweenValue">
                  and ${criterion.condition} #{criterion.value} and #{criterion.secondValue}
                </when>
                <when test="criterion.listValue">
                  and ${criterion.condition}
                  <foreach close=")" collection="criterion.value" item="listItem" open="(" separator=",">
                    #{listItem}
                  </foreach>
                </when>
              </choose>
            </foreach>
          </trim>
        </if>
      </foreach>
    </where>
  </sql>
  <sql id="Base_Column_List">
    <!--
      WARNING - @mbg.generated
      This element is automatically generated by MyBatis Generator, do not modify.
      This element was generated on Mon Apr 24 18:21:02 CST 2017.
    -->
    APP_KEY, API_URL, APP_NAME, APP_SECRET, APP_TYPE, CREATE_TIME, CREATE_USER, LAST_STATUS_TIME, 
    LOG_INFO, STATUS
  </sql>
  <select id="selectByExample" parameterType="com.cvtt.safenumber.pojo.SysApplicationExample" resultMap="BaseResultMap">
    <!--
      WARNING - @mbg.generated
      This element is automatically generated by MyBatis Generator, do not modify.
      This element was generated on Mon Apr 24 18:21:02 CST 2017.
    -->
    select
    <if test="distinct">
      distinct
    </if>
    <include refid="Base_Column_List" />
    from SYS_APPLICATION
    <if test="_parameter != null">
      <include refid="Example_Where_Clause" />
    </if>
    <if test="orderByClause != null">
      order by ${orderByClause}
    </if>
  </select>
  <select id="selectByPrimaryKey" parameterType="java.lang.String" resultMap="BaseResultMap">
    <!--
      WARNING - @mbg.generated
      This element is automatically generated by MyBatis Generator, do not modify.
      This element was generated on Mon Apr 24 18:21:02 CST 2017.
    -->
    select 
    <include refid="Base_Column_List" />
    from SYS_APPLICATION
    where APP_KEY = #{appKey,jdbcType=VARCHAR}
  </select>
  <delete id="deleteByPrimaryKey" parameterType="java.lang.String">
    <!--
      WARNING - @mbg.generated
      This element is automatically generated by MyBatis Generator, do not modify.
      This element was generated on Mon Apr 24 18:21:02 CST 2017.
    -->
    delete from SYS_APPLICATION
    where APP_KEY = #{appKey,jdbcType=VARCHAR}
  </delete>
  <delete id="deleteByExample" parameterType="com.cvtt.safenumber.pojo.SysApplicationExample">
    <!--
      WARNING - @mbg.generated
      This element is automatically generated by MyBatis Generator, do not modify.
      This element was generated on Mon Apr 24 18:21:02 CST 2017.
    -->
    delete from SYS_APPLICATION
    <if test="_parameter != null">
      <include refid="Example_Where_Clause" />
    </if>
  </delete>
  <insert id="insert" parameterType="com.cvtt.safenumber.pojo.SysApplication">
    <!--
      WARNING - @mbg.generated
      This element is automatically generated by MyBatis Generator, do not modify.
      This element was generated on Mon Apr 24 18:21:02 CST 2017.
    -->
    insert into SYS_APPLICATION (APP_KEY, API_URL, APP_NAME, 
      APP_SECRET, APP_TYPE, CREATE_TIME, 
      CREATE_USER, LAST_STATUS_TIME, LOG_INFO, 
      STATUS)
    values (#{appKey,jdbcType=VARCHAR}, #{apiUrl,jdbcType=VARCHAR}, #{appName,jdbcType=VARCHAR}, 
      #{appSecret,jdbcType=VARCHAR}, #{appType,jdbcType=VARCHAR}, #{createTime,jdbcType=TIMESTAMP}, 
      #{createUser,jdbcType=BIGINT}, #{lastStatusTime,jdbcType=TIMESTAMP}, #{logInfo,jdbcType=VARCHAR}, 
      #{status,jdbcType=VARCHAR})
  </insert>
  <insert id="insertSelective" parameterType="com.cvtt.safenumber.pojo.SysApplication">
    <!--
      WARNING - @mbg.generated
      This element is automatically generated by MyBatis Generator, do not modify.
      This element was generated on Mon Apr 24 18:21:02 CST 2017.
    -->
    insert into SYS_APPLICATION
    <trim prefix="(" suffix=")" suffixOverrides=",">
      <if test="appKey != null">
        APP_KEY,
      </if>
      <if test="apiUrl != null">
        API_URL,
      </if>
      <if test="appName != null">
        APP_NAME,
      </if>
      <if test="appSecret != null">
        APP_SECRET,
      </if>
      <if test="appType != null">
        APP_TYPE,
      </if>
      <if test="createTime != null">
        CREATE_TIME,
      </if>
      <if test="createUser != null">
        CREATE_USER,
      </if>
      <if test="lastStatusTime != null">
        LAST_STATUS_TIME,
      </if>
      <if test="logInfo != null">
        LOG_INFO,
      </if>
      <if test="status != null">
        STATUS,
      </if>
    </trim>
    <trim prefix="values (" suffix=")" suffixOverrides=",">
      <if test="appKey != null">
        #{appKey,jdbcType=VARCHAR},
      </if>
      <if test="apiUrl != null">
        #{apiUrl,jdbcType=VARCHAR},
      </if>
      <if test="appName != null">
        #{appName,jdbcType=VARCHAR},
      </if>
      <if test="appSecret != null">
        #{appSecret,jdbcType=VARCHAR},
      </if>
      <if test="appType != null">
        #{appType,jdbcType=VARCHAR},
      </if>
      <if test="createTime != null">
        #{createTime,jdbcType=TIMESTAMP},
      </if>
      <if test="createUser != null">
        #{createUser,jdbcType=BIGINT},
      </if>
      <if test="lastStatusTime != null">
        #{lastStatusTime,jdbcType=TIMESTAMP},
      </if>
      <if test="logInfo != null">
        #{logInfo,jdbcType=VARCHAR},
      </if>
      <if test="status != null">
        #{status,jdbcType=VARCHAR},
      </if>
    </trim>
  </insert>
  <select id="countByExample" parameterType="com.cvtt.safenumber.pojo.SysApplicationExample" resultType="java.lang.Long">
    <!--
      WARNING - @mbg.generated
      This element is automatically generated by MyBatis Generator, do not modify.
      This element was generated on Mon Apr 24 18:21:02 CST 2017.
    -->
    select count(*) from SYS_APPLICATION
    <if test="_parameter != null">
      <include refid="Example_Where_Clause" />
    </if>
  </select>
  <update id="updateByExampleSelective" parameterType="map">
    <!--
      WARNING - @mbg.generated
      This element is automatically generated by MyBatis Generator, do not modify.
      This element was generated on Mon Apr 24 18:21:02 CST 2017.
    -->
    update SYS_APPLICATION
    <set>
      <if test="record.appKey != null">
        APP_KEY = #{record.appKey,jdbcType=VARCHAR},
      </if>
      <if test="record.apiUrl != null">
        API_URL = #{record.apiUrl,jdbcType=VARCHAR},
      </if>
      <if test="record.appName != null">
        APP_NAME = #{record.appName,jdbcType=VARCHAR},
      </if>
      <if test="record.appSecret != null">
        APP_SECRET = #{record.appSecret,jdbcType=VARCHAR},
      </if>
      <if test="record.appType != null">
        APP_TYPE = #{record.appType,jdbcType=VARCHAR},
      </if>
      <if test="record.createTime != null">
        CREATE_TIME = #{record.createTime,jdbcType=TIMESTAMP},
      </if>
      <if test="record.createUser != null">
        CREATE_USER = #{record.createUser,jdbcType=BIGINT},
      </if>
      <if test="record.lastStatusTime != null">
        LAST_STATUS_TIME = #{record.lastStatusTime,jdbcType=TIMESTAMP},
      </if>
      <if test="record.logInfo != null">
        LOG_INFO = #{record.logInfo,jdbcType=VARCHAR},
      </if>
      <if test="record.status != null">
        STATUS = #{record.status,jdbcType=VARCHAR},
      </if>
    </set>
    <if test="_parameter != null">
      <include refid="Update_By_Example_Where_Clause" />
    </if>
  </update>
  <update id="updateByExample" parameterType="map">
    <!--
      WARNING - @mbg.generated
      This element is automatically generated by MyBatis Generator, do not modify.
      This element was generated on Mon Apr 24 18:21:02 CST 2017.
    -->
    update SYS_APPLICATION
    set APP_KEY = #{record.appKey,jdbcType=VARCHAR},
      API_URL = #{record.apiUrl,jdbcType=VARCHAR},
      APP_NAME = #{record.appName,jdbcType=VARCHAR},
      APP_SECRET = #{record.appSecret,jdbcType=VARCHAR},
      APP_TYPE = #{record.appType,jdbcType=VARCHAR},
      CREATE_TIME = #{record.createTime,jdbcType=TIMESTAMP},
      CREATE_USER = #{record.createUser,jdbcType=BIGINT},
      LAST_STATUS_TIME = #{record.lastStatusTime,jdbcType=TIMESTAMP},
      LOG_INFO = #{record.logInfo,jdbcType=VARCHAR},
      STATUS = #{record.status,jdbcType=VARCHAR}
    <if test="_parameter != null">
      <include refid="Update_By_Example_Where_Clause" />
    </if>
  </update>
  <update id="updateByPrimaryKeySelective" parameterType="com.cvtt.safenumber.pojo.SysApplication">
    <!--
      WARNING - @mbg.generated
      This element is automatically generated by MyBatis Generator, do not modify.
      This element was generated on Mon Apr 24 18:21:02 CST 2017.
    -->
    update SYS_APPLICATION
    <set>
      <if test="apiUrl != null">
        API_URL = #{apiUrl,jdbcType=VARCHAR},
      </if>
      <if test="appName != null">
        APP_NAME = #{appName,jdbcType=VARCHAR},
      </if>
      <if test="appSecret != null">
        APP_SECRET = #{appSecret,jdbcType=VARCHAR},
      </if>
      <if test="appType != null">
        APP_TYPE = #{appType,jdbcType=VARCHAR},
      </if>
      <if test="createTime != null">
        CREATE_TIME = #{createTime,jdbcType=TIMESTAMP},
      </if>
      <if test="createUser != null">
        CREATE_USER = #{createUser,jdbcType=BIGINT},
      </if>
      <if test="lastStatusTime != null">
        LAST_STATUS_TIME = #{lastStatusTime,jdbcType=TIMESTAMP},
      </if>
      <if test="logInfo != null">
        LOG_INFO = #{logInfo,jdbcType=VARCHAR},
      </if>
      <if test="status != null">
        STATUS = #{status,jdbcType=VARCHAR},
      </if>
    </set>
    where APP_KEY = #{appKey,jdbcType=VARCHAR}
  </update>
  <update id="updateByPrimaryKey" parameterType="com.cvtt.safenumber.pojo.SysApplication">
    <!--
      WARNING - @mbg.generated
      This element is automatically generated by MyBatis Generator, do not modify.
      This element was generated on Mon Apr 24 18:21:02 CST 2017.
    -->
    update SYS_APPLICATION
    set API_URL = #{apiUrl,jdbcType=VARCHAR},
      APP_NAME = #{appName,jdbcType=VARCHAR},
      APP_SECRET = #{appSecret,jdbcType=VARCHAR},
      APP_TYPE = #{appType,jdbcType=VARCHAR},
      CREATE_TIME = #{createTime,jdbcType=TIMESTAMP},
      CREATE_USER = #{createUser,jdbcType=BIGINT},
      LAST_STATUS_TIME = #{lastStatusTime,jdbcType=TIMESTAMP},
      LOG_INFO = #{logInfo,jdbcType=VARCHAR},
      STATUS = #{status,jdbcType=VARCHAR}
    where APP_KEY = #{appKey,jdbcType=VARCHAR}
  </update>
</mapper>