<?xml version="1.0" encoding="UTF-8"?>
<!DOCTYPE mapper PUBLIC "-//mybatis.org//DTD Mapper 3.0//EN" "http://mybatis.org/dtd/mybatis-3-mapper.dtd">
<mapper namespace="cn.cvtt.safenumber.stat.mapper.Arc95013CountJoinMapper">
  <resultMap id="Arc95013CountJoinResult" type="cn.cvtt.safenumber.stat.entity.Arc95013CountJoin">
    <id column="id" jdbcType="VARCHAR" property="id" />
    <result column="start_time" jdbcType="DATE" property="start_time" />
    <result column="unitid" jdbcType="VARCHAR" property="unitid" />
    <result column="bdcs" jdbcType="INTEGER" property="bdcs" />
    <result column="zlcs" jdbcType="INTEGER" property="zlcs" />
    <result column="cgcs" jdbcType="INTEGER" property="cgcs" />
    <result column="sbcs" jdbcType="INTEGER" property="sbcs" />
    <result column="zll" jdbcType="DOUBLE" property="zll" />
    <result column="jtl" jdbcType="DOUBLE" property="jtl" />
    <result column="thzsc" jdbcType="DOUBLE" property="thzsc" />
    <result column="thjsc" jdbcType="DOUBLE" property="thjsc" />
    <result column="unitname" jdbcType="VARCHAR" property="unitname" />
  </resultMap>
</mapper>
