<?xml version="1.0" encoding="UTF-8"?>
<!DOCTYPE mapper PUBLIC "-//mybatis.org//DTD Mapper 3.0//EN" "http://mybatis.org/dtd/mybatis-3-mapper.dtd">
<mapper namespace="cn.cvtt.safenumber.stat.mapper.CountNumberJoinMapper">
  <resultMap id="CountNumberJoinResult" type="cn.cvtt.safenumber.stat.entity.CountNumberJoin">
    <id column="id" jdbcType="VARCHAR" property="id" />
    <result column="start_time" jdbcType="DATE" property="start_time" />
    <result column="unitid" jdbcType="VARCHAR" property="unitid" />
    <result column="msgtype" jdbcType="VARCHAR" property="msgtype" />
    <result column="xzbdcs" jdbcType="INTEGER" property="xzbdcs" />
    <result column="opuidtype" jdbcType="VARCHAR" property="opuidtype" />
    <result column="mailCount" jdbcType="INTEGER" property="mailCount" />
    <result column="unitname" jdbcType="VARCHAR" property="unitname" />
    <!--<collection property="unit" ofType="cn.cvtt.safenumber.stat.entity.TUnit">
      <id column="unitid" jdbcType="VARCHAR" property="unitid"/>
      <result column="addtime" jdbcType="DATE" property="addtime"/>
      <result column="addtimes" jdbcType="VARCHAR" property="addtimes"/>
      <result column="operator" jdbcType="VARCHAR" property="operator"/>
      <result column="parentid" jdbcType="VARCHAR" property="parentid"/>
      <result column="safeNumberUser" jdbcType="VARCHAR" property="safeNumberUser"/>
      <result column="unitadd" jdbcType="VARCHAR" property="unitadd"/>
      <result column="unitcontact" jdbcType="VARCHAR" property="unitcontact"/>
      <result column="unitkey" jdbcType="VARCHAR" property="unitkey"/>
      <result column="unitmobile" jdbcType="VARCHAR" property="unitmobile"/>
      <result column="unitname" jdbcType="VARCHAR" property="unitname"/>
      <result column="unittel" jdbcType="VARCHAR" property="unittel"/>
      <result column="unittype" jdbcType="VARCHAR" property="unittype"/>
      <result column="unituidnumber" jdbcType="VARCHAR" property="unituidnumber"/>
    </collection>-->
  </resultMap>
</mapper>
