<?xml version="1.0" encoding="UTF-8"?>
<SQLS>
    <SQL id="queryMsgTemplate">
        <GENERAL>
            <![CDATA[
			select msgid,params,isTemplate,templateName from rcs_msg where isTemplate = 1;
			]]>
        </GENERAL>
    </SQL>
    <SQL id="queryTemplateByTempid">
        <GENERAL>
            <![CDATA[
			select t1.msgid,t1.params,t2.isTemplate,t2.templateName from rcs_msg_template_params t1 left join rcs_msg t2 on t1.msgid=t2.msgid where t1.tempId='{tempid}';
			]]>
        </GENERAL>
    </SQL>
    <SQL id="updateTemplateByTempid">
        <GENERAL>
            <![CDATA[
			update rcs_msg_template_params set params=?,updatetime=?,editby=? where msgId=? and tempId=?;
			]]>
        </GENERAL>
    </SQL>
    <SQL id="queryMsgTemplateByChatbot">
        <GENERAL>
            <![CDATA[
			select distinct msgid,params,isTemplate,templateName,keywords
			 from v_rcs_config_java where isTemplate=1 and chatbotId = '{chatbotid}' /* and msgid = '{msgid}'   */ ;
			]]>
        </GENERAL>
    </SQL>
    <SQL id="insertMsgTemplate">
        <GENERAL>
            <![CDATA[
			delete from
			rcs_msg_template_params where msgid='{msgId}' and tempid in (
			select tempid from (select t1.tempid from rcs_msg_template_params t1 left join v_rcs_config t2 on t1.msgid=t2.msgid where t2.type='singlecard') t
			);
			insert into rcs_msg_template_params(msgId,params,updatetime,editby) values('{msgId}','{params}',now(),'{editby}');
			]]>
        </GENERAL>
    </SQL>
    <SQL id="updateMsgTempParamsMsgId">
        <GENERAL>
            <![CDATA[
			update rcs_msg_template_params set msgId='{0}' where msgId='{1}'
			]]>
        </GENERAL>
    </SQL>
    <SQL id="modelParams" name="模板参数表">
        <GENERAL>
            <![CDATA[
			select  tempId,params,msgId from rcs_msg_template_params /*where updatetime> DATE_SUB(CURDATE(), INTERVAL 7 DAY)*/ order by updatetime desc
			]]>
        </GENERAL>
    </SQL>
    <SQL id="delTemplateParams" name="删除模板参数信息">
        <GENERAL>
            <![CDATA[
			delete from rcs_msg_template_params where msgid in (select distinct msgid from v_rcs_config_java where configid='{0}');
			]]>
        </GENERAL>
    </SQL>
    <SQL id="delTemplateParamsBykw" name="删除模板参数信息">
        <GENERAL>
            <![CDATA[
			delete from rcs_msg_template_params where msgid in (select distinct msgid from v_rcs_config_java where configid in (select distinct configid from rcs_config_msg_sgid where msg_suggestion_id in (select distinct msg_suggestion_id from rcs_config_msg_sgid where configid='{0}')));
			]]>
        </GENERAL>
    </SQL>
    <SQL id="queryMessageTemp">
        <GENERAL>
            <![CDATA[
			select t1.configid,t1.keywords,t1.chatbotid,t1.editby,t1.updatetime,t1.type,min(t1.thumbnailUrl) thumbnailUrl,
			t1.msgid,t1.description,
			t2.spname,t2.chatbotname,t2.chatbotIdenty from v_rcs_config t1
left join rcs_chatbotinfo t2 on t1.chatbotid=t2.chatbotid
where t1.isTemplate = 1 /* and  t1.keywords like '%{input}%'  */ /* and  t2.chatbotId in ({app}) */ /* and  t1.keywords = '{keywords}' */
group by t1.configid,t1.keywords,t1.chatbotid,t1.editby,t1.updatetime,t1.type,t1.msgid,t2.spname,t1.description
			]]>
        </GENERAL>
    </SQL>
    <SQL id="queryCountMessageTemp">
        <GENERAL>
            <![CDATA[
			select count(1) as count from (
select t1.configid,t1.keywords,t1.chatbotid,t1.editby,t1.updatetime,t1.type,min(t1.thumbnailUrl) thumbnailUrl,
t1.msgid,t1.description,
t2.spname,t2.chatbotname,t2.chatbotIdenty from v_rcs_config t1
left join rcs_chatbotinfo t2 on t1.chatbotid=t2.chatbotid
where t1.isTemplate = 1 /* and  t1.keywords like '%{input}%'  */ /* and  t2.chatbotId in ({app}) */ /* and   t1.keywords = '{keywords}'  */
group by t1.configid,t1.keywords,t1.chatbotid,t1.editby,t1.updatetime,t1.type,t1.msgid,t2.spname,t1.description
) t
			]]>
        </GENERAL>
    </SQL>
    <SQL id="queryTempParamByMsgId">
        <GENERAL>
            <![CDATA[
			SELECT * FROM `rcs_msg_template_params` where msgId = '{msgId}'
			]]>
        </GENERAL>
    </SQL>
    <SQL id="delMsgTemplateParams">
        <GENERAL>
            <![CDATA[
				delete from rcs_msg_template_params where tempId='{tempId}';
			]]>
        </GENERAL>
    </SQL>
</SQLS>