<?xml version="1.0" encoding="UTF-8"?>
<SQLS>
    <SQL id="queryTables">
        <GENERAL>
            <![CDATA[
				 select table_schema as table_schema ,table_name as source_tablename, '{db_schema}' db_schema from information_schema.tables where table_schema='{table_schema}';
			]]>
        </GENERAL>
    </SQL>
    <SQL id="queryTableFields">
        <GENERAL>
            <![CDATA[
				 SELECT column_name as column_name,column_comment as column_comment FROM information_schema.COLUMNS WHERE table_schema = '{table_schema}' AND table_name = '{source_tablename}';
			]]>
        </GENERAL>
    </SQL>
</SQLS>