<?xml version="1.0" encoding="UTF-8"?>
<SQLS>
    <SQL id="queryIndustryTemp" name="查询已发布行业信息列表">
        <GENERAL>
            <![CDATA[
                select t.industryId, t.chatbotId, t.name, t2.industryName, t2.leveRank, t2.pIndustryId
                from rcs_chatbotinfo_industry_template t
                         left join rcs_chatbotinfo_industry_sort t2 on t.industryId = t2.industryId
                where t.status = 1
                  and t.industryId = {industryId}
                  and t2.status = 1
                order by pIndustryId, leveRank asc
            ]]>
        </GENERAL>
    </SQL>

    <SQL id="queryIndustryList" name="查询行业分类列表">
        <GENERAL>
            <![CDATA[
                select
                so.industryId                                         as industryId,
                so.industryName                                       as name,
                sum(case when st.chatbotId is null then 0 else 1 end) as count
                from rcs_chatbotinfo_industry_sort so
                left join rcs_chatbotinfo_industry_template st on so.industryId = st.industryId
                group by so.industryId order by count desc
            ]]>
        </GENERAL>
    </SQL>
</SQLS>