<?xml version="1.0" encoding="UTF-8"?>
<SQLS>
    <SQL id="stateprocedures" name="会话过程定义">
        <GENERAL>
            <![CDATA[
			SELECT * FROM rcs_stateprocedures;
			]]>
        </GENERAL>
    </SQL>
    <SQL id="queryProdures">
        <GENERAL>
            <![CDATA[
SELECT * FROM `rcs_stateprocedures` where configid = '{configid}' order by stepid
			]]>
        </GENERAL>
    </SQL>
    <SQL id="deleteProdures">
        <GENERAL>
            <![CDATA[
			delete from rcs_stateprocedures where configid='{configid}';
			]]>
        </GENERAL>
    </SQL>
    <SQL id="insertProdures">
        <GENERAL>
            <![CDATA[
	insert into rcs_stateprocedures(stepid,question,backid,nextid,display,stateClassName,tag,outParameters,acceptContentTypes,configid)
			values ('{stepid}','{question}','{backid}','{nextid}','{display}','{stateClassName}','{tag}','{outParameters}','{acceptContentTypes}','{configid}')
			]]>
        </GENERAL>
    </SQL>
</SQLS>