<?xml version="1.0" encoding="UTF-8"?>
<SQLS>
    <SQL id="queryMenu">
        <GENERAL>
            <![CDATA[
			SELECT m.menu_id,m.parentid,m.levels,m.menu_text,m.menu_name ,m.parameter_type,m.icon_uri ,m.menu_url FROM menu_info m  WHERE app_id = 38
			]]>
        </GENERAL>
    </SQL>
    <SQL id="queryYdzyMenu">
        <GENERAL>
            <![CDATA[
			select t1.menu_id,t1.parentid,t1.levels,t2.zh_cn as menu_text,t1.menu_name,t1.parameter_type,t1.icon_uri,t1.menu_url,t1.app_id from menu_info t1 left join ti18n t2 on t1.menu_text_i18nid=t2.id where t1.app_id='{0}'
			]]>
        </GENERAL>
    </SQL>
    <SQL id="insertrcsuser">
        <GENERAL>
            <![CDATA[
	INSERT INTO  `rcs_user` (`username`,  `phone`, `area`, `sex`, `ipfrom`, `operatorCard`, `emailAddress`, `operatorIdentityPic1`, `operatorIdentityPic2` , `picture`)
VALUES
	( ?, ?, ?, ?, ?, ?, ?, ?, ? , ?)

]]>
        </GENERAL>
    </SQL>

    <SQL id="insertChannelUser">
        <GENERAL>
            <![CDATA[
				insert into rcs_user(username,phone,channelid,openid,updatetime) values(?,?,?,?,now())
			]]>
        </GENERAL>
    </SQL>
    <SQL id="getPhoneByOpenId">
        <GENERAL>
            <![CDATA[
				select username,phone,channelid,openid from rcs_user where openid='{openid}'
			]]>
        </GENERAL>
    </SQL>
    <SQL id="updatercsuser">
        <GENERAL>
            <![CDATA[
	update  `rcs_user` set
	 `username`=?,
	 `phone`=?, `area`=?, `sex`=?, `ipfrom`=?, `operatorCard`=?, `emailAddress`=?, `operatorIdentityPic1`=?, `operatorIdentityPic2`=?
	 where 	(`userid` =?  or `operatorCard`=?)
]]>
        </GENERAL>
    </SQL>
    <SQL id="insertrcsusermap">
        <GENERAL>
            <![CDATA[
	INSERT INTO  `rcs_user` (  `username`,  `phone`, `area`, `sex`, `ipfrom`, `operatorCard`, `emailAddress`, `operatorIdentityPic1`, `operatorIdentityPic2` )
VALUES
	(  '{rcsInfo.operatorName}','{rcsInfo.operatorPhone}', '{rcsInfo.operatorarea}', '{rcsInfo.operatorsex}',
	 '{rcsInfo.operatoripfrom}','{rcsInfo.operatorCard}', '{rcsInfo.emailAddress}', '{rcsInfo.operatorIdentityPic1}','{rcsInfo.operatorIdentityPic2}' )

]]>
        </GENERAL>
    </SQL>
    <SQL id="insertrcslegalmap">
        <GENERAL>
            <![CDATA[
	INSERT INTO  `rcs_user` (  `username`,  `phone`, `operatorCard`, `operatorIdentityPic1`, `operatorIdentityPic2` )
VALUES
	(  '{rcsLegalP.legalName}','{rcsInfo.operatorPhone}','{rcsLegalP.legalIdentification}','{rcsLegalP.identificationStraight}','{rcsLegalP.identificationCounter}')

]]>
        </GENERAL>
    </SQL>
    <SQL id="queryChannel">
        <GENERAL>
            <![CDATA[
 		select USERNAME,`DESC`  from rcs_company_grant   WHERE  CHATBOTID = '{chatbotId}' and  `DESC` is not null
 		union all
 		select '' as USERNAME , '默认' as `DESC`  from dual
			]]>
        </GENERAL>
    </SQL>
    <SQL id="queryCompanyUsers">
        <GENERAL>
            <![CDATA[
		select t1.id,t1.channelid,t2.channelName,t1.username,t1.password,t1.status,t1.chatbotid,t1.groupid,t1.avatar,t1.desc,
		t1.evaluatePostUrl,t1.closeDialog,t1.LibraryAssociation,t1.enableEvalutate,t1.privatePhone,t1.privatePhoneByMsg,t1.smsParameters,t1.subscribeDataUrl,
		t3.servericon,t3.chatbotname, appSecret,appKey,ompDomainName,phonePond,businessType,t4.privatePhoneID,roleType from rcs_company_grant t1 left join rcs_channel t2 on t1.channelid=t2.channelid
		left join rcs_chatbotinfo t3 on t1.chatbotid=t3.chatbotid left join private_policy t4 on   t1.privatePhoneID =t4.privatePhoneID
		where 1=1 /* and t1.chatbotid = '{chatbotId}' */
			]]>
        </GENERAL>
    </SQL>
    <SQL id="updateCompanyUser">
        <GENERAL>
            <![CDATA[
		update rcs_company_grant set mdate=${sysdt}
		/*,username='{username}'*//*,password='{password}'*/ /*,channelid='{channelid}'*/ /*,chatbotid='{chatbotid}'*/
		/*,avatar='{avatar}'*//*,`desc`='{desc}'*//*,evaluatePostUrl='{evaluatePostUrl}'*//*,status='{status}'*/
		/*,closeDialog='{closeDialog}'*//*,LibraryAssociation='{LibraryAssociation}'*//*,enableEvalutate='{enableEvalutate}'*/
		/*,privatePhone='{privatePhone}'*//*,smsParameters='{smsParameters}'*//*,subscribeDataUrl='{subscribeDataUrl}'*/ where id='{id}'
			]]>
        </GENERAL>
        <MYSQL>
            <param id="sysdt" value="sysdate()"/>
        </MYSQL>
        <ORACLE>
            <param id="sysdt" value="sysdate"/>
        </ORACLE>
    </SQL>
    <SQL id="addCompanyUser">
        <GENERAL>
            <![CDATA[
			insert into rcs_company_grant(channelid, username,password,status,mdate,cdate,chatbotid,groupid,avatar,`desc`,evaluatePostUrl,closeDialog,LibraryAssociation,enableEvalutate,privatePhone,smsParameters,subscribeDataUrl)
values ('{channelid}','{username}', '{password}', '{status}', ${sysdt},${sysdt},'{chatbotid}','52','{avatar}','{desc}','{evaluatePostUrl}',
'{closeDialog}','{LibraryAssociation}','{enableEvalutate}','{privatePhone}','{smsParameters}','{subscribeDataUrl}')
			]]>
        </GENERAL>
        <MYSQL>
            <param id="sysdt" value="sysdate()"/>
        </MYSQL>
        <ORACLE>
            <param id="sysdt" value="sysdate"/>
        </ORACLE>
    </SQL>
    <SQL id="delCompanyUser">
        <GENERAL>
            <![CDATA[
 		delete from rcs_company_grant where id={0}
			]]>
        </GENERAL>
    </SQL>
    <SQL id="queryAdminUser">
        <GENERAL>
            <![CDATA[
 		select identifier,case when groupid=49 then 'superAdmin' when groupid=50 then 'companyAdmin' else 'normal' end as idtype from user_info t1 left join user_grant t2 on t1.userid=t2.userid where (t1.groupid=49 or t1.groupid=50) and identifier<>'' and identifier is not null
			]]>
        </GENERAL>
    </SQL>
    <SQL id="getAllChannel">
        <GENERAL>
            <![CDATA[
 		select channelid, channelName,case when channelDesc is null then '' else channelDesc end as channelDesc from rcs_channel
			]]>
        </GENERAL>
    </SQL>
    <SQL id="addChannel">
        <GENERAL>
            <![CDATA[
 		insert into rcs_channel(channelName, channelDesc) values('{channelName}','{channelDesc}')
			]]>
        </GENERAL>
    </SQL>
    <SQL id="editChannel">
        <GENERAL>
            <![CDATA[
 		update rcs_channel set channelName='{channelName}',channelDesc='{channelDesc}' where channelid='{channelid}'
			]]>
        </GENERAL>
    </SQL>
    <SQL id="deleteChannel">
        <GENERAL>
            <![CDATA[
 		delete from rcs_channel where channelid='{channelid}'
			]]>
        </GENERAL>
    </SQL>
    <SQL id="queryRcsUsers">
        <GENERAL>
            <![CDATA[
 		select t1.userid,t1.username truename,t1.emailAddress email,t1.picture,t1.phone,t1.area,t1.sex,t2.chatbotid from rcs_user t1
 		left join rcs_phone_roles t2 on t1.phone=t2.userPhone
        where t2.chatbotid is not null and t2.chatbotid <>'' /*and chatbotid = '{chatbotId}'*/ order by t1.username
			]]>
        </GENERAL>
    </SQL>



    <SQL id="queryYdzyGroup">
        <GENERAL>
            <![CDATA[
 		select * from user_group where cuserid=-1
			]]>
        </GENERAL>
    </SQL>
    <SQL id="queryUserCount">
        <GENERAL>
            <![CDATA[
			select count(1) ct from rcs_phone_roles where userphone='{phone}'
			]]>
        </GENERAL>
    </SQL>
    <SQL id="queryRcsUserCount">
        <GENERAL>
            <![CDATA[
			select count(1) ct from rcs_user where phone='{phone}'
			]]>
        </GENERAL>
    </SQL>
    <SQL id="queryRcsPhoneRoles">
        <GENERAL>
            <![CDATA[
			select chatbotid,userphone from rcs_phone_roles
			]]>
        </GENERAL>
    </SQL>
    <SQL id="queryRcsUserAndChatBot" name="rcs用户,chatbot查询">
        <GENERAL>
            <![CDATA[
			select t1.*,case when t4.enable is null or t4.enable='' then 1 else t4.enable end as `enable`,t2.chatbotid,t3.chatbotname,t3.chatbotIdenty,t3.spName from
			(select * from rcs_user where phone='{0}' order by updatetime limit 1) t1
			left join rcs_phone_roles t2 on t1.phone=t2.userphone left join rcs_chatbotinfo t3 on t2.chatbotid=t3.chatbotid
			left join saas_instance t4 on t1.customerId = t4.customerId
			]]>
        </GENERAL>
    </SQL>
    <SQL id="queryRcsUser" name="rcs用户查询">
        <GENERAL>
            <![CDATA[
			select userid,
			case when username is null then '' else username end as username,
			case when picture is null then '' else picture end as picture,
			case when phone is null then '' else phone end as phone,
			case when area is null then '' else area end as area,
			case when sex is null then '' else sex end as sex,
			case when ipfrom is null then '' else ipfrom end as ipfrom,
			case when operatorCard is null then '' else operatorCard end as operatorCard,
			case when emailAddress is null then '' else emailAddress end as emailAddress,
			case when operatorIdentityPic1 is null then '' else operatorIdentityPic1 end as operatorIdentityPic1,
			case when operatorIdentityPic2 is null then '' else operatorIdentityPic2 end as operatorIdentityPic2,
			case when channelid is null then '' else channelid end as channelid,
			case when openid is null then '' else openid end as openid,
			case when skinId is null then 20 else id end as skinId,
			case when skinName is null then '希望蓝' else skinName end as skinName,
			case when skinStyle is null then (select skinStyle from rcs_chatbotinfo_skin where id=20) else skinStyle end as skinStyle
			from rcs_user left join rcs_chatbotinfo_skin on (rcs_user.skinId=rcs_chatbotinfo_skin.id) where phone='{0}' and userid in (select max(userid) userid from rcs_user group by phone)
			]]>
        </GENERAL>
    </SQL>
<!--
          <![CDATA[
			select userid,
			case when username is null then '' else username end as username,
			case when picture is null then '' else picture end as picture,
			case when phone is null then '' else phone end as phone,
			case when area is null then '' else area end as area,
			case when sex is null then '' else sex end as sex,
			case when ipfrom is null then '' else ipfrom end as ipfrom,
			case when operatorCard is null then '' else operatorCard end as operatorCard,
			case when emailAddress is null then '' else emailAddress end as emailAddress,
			case when operatorIdentityPic1 is null then '' else operatorIdentityPic1 end as operatorIdentityPic1,
			case when operatorIdentityPic2 is null then '' else operatorIdentityPic2 end as operatorIdentityPic2,
			case when channelid is null then '' else channelid end as channelid,
			case when openid is null then '' else openid end as openid,
			from rcs_user where phone='{0}' and userid in (select max(userid) userid from rcs_user group by phone)
			]]>
-->
    <SQL id="queryRcsUserByPhone" name="查询rcs用户主体信息" >
        <GENERAL>
            <![CDATA[
				select userid from rcs_user where phone='{0}'
			]]>
        </GENERAL>
    </SQL>

    <SQL id="queryRcsUserByUserId" name="rcs用户查询">
        <GENERAL>
            <![CDATA[
			select userid,
			case when username is null then '' else username end as username,
			case when picture is null then '' else picture end as picture,
			case when phone is null then '' else phone end as phone,
			case when area is null then '' else area end as area,
			case when sex is null then '' else sex end as sex,
			case when ipfrom is null then '' else ipfrom end as ipfrom,
			case when operatorCard is null then '' else operatorCard end as operatorCard,
			case when emailAddress is null then '' else emailAddress end as emailAddress,
			case when operatorIdentityPic1 is null then '' else operatorIdentityPic1 end as operatorIdentityPic1,
			case when operatorIdentityPic2 is null then '' else operatorIdentityPic2 end as operatorIdentityPic2,
			case when channelid is null then '' else channelid end as channelid,
			case when openid is null then '' else openid end as openid,
			from rcs_user where userid='{0}' and userid in (select max(userid) userid from rcs_user group by phone)
			]]>
        </GENERAL>
    </SQL>
    <SQL id="queryAllRcsUser">
        <GENERAL>
            <![CDATA[
			select distinct userid,phone,
			case when username is null then '' else username end as username,
			case when picture is null then '' else picture end as picture,
			case when area is null then '' else area end as area,
			case when sex is null then '' else sex end as sex,
			case when emailaddress is null then '' else emailaddress end as emailaddress
			from rcs_user t1 left join rcs_phone_roles t2 on t1.phone=t2.userphone
			where userid in (select max(userid) userid from rcs_user group by phone) and phone REGEXP "^[1][3456789][0-9]{9}$"
			/*and (t2.chatbotid is null or t2.chatbotid ='' or t2.chatbotid ='{chatbotid}')*//*and t2.chatbotid='{chatbotId}'*/
			]]>
        </GENERAL>
    </SQL>
    <SQL id="queryPasswdByName" name="query rcs_company_grant">
        <GENERAL>
            <![CDATA[
                select `desc` ,channelid,username,password,status,mdate,cdate,chatbotid,groupid,avatar,evaluatePostUrl,closeDialog,LibraryAssociation,enableEvalutate,privatePhone, privatePhoneByMsg,subscribeDataUrl,roleType,bindType from rcs_company_grant t3 where username='{0}';
			]]>
        </GENERAL>
    </SQL>
    <SQL id="queryPasswdByNameAndAccessTagNo" name="query rcs_company_grant">
        <GENERAL>
            <![CDATA[
	select channelid,username,password,status,mdate,cdate,t1.chatbotid,groupid,avatar,evaluatePostUrl,closeDialog,LibraryAssociation,enableEvalutate,privatePhone, privatePhoneByMsg,appSecret,appKey,ompDomainName,phonePond,businessType,t4.privatePhoneID,subscribeDataUrl,roleType
			from rcs_company_grant t1
			left join rcs_chatbotinfo t2 on t1.chatbotid=t2.chatbotid
			left join private_policy t4 on   t1.privatePhoneID =t4.privatePhoneID
			where t1.username='{username}' and accessTagNo='{accessTagNo}';
			]]>
        </GENERAL>
    </SQL>
    <SQL id="getUserGrants" name="查询用户登录帐号">
        <GENERAL>
            <![CDATA[
				select distinct identifier from user_grant where identity_type=4 and identifier REGEXP "^[1][3456789][0-9]{9}$"
			]]>
        </GENERAL>
    </SQL>

    <SQL id="getUserByMobile" name="查询用户主体信息">
        <GENERAL>
            <![CDATA[
				select userid from user_info where mobile='{0}'
			]]>
        </GENERAL>
    </SQL>
    <SQL id="getUserGrantByUid" name="查询用户密码信息">
        <GENERAL>
            <![CDATA[
				select id,userid,identifier,credential from user_grant where userid={0} and identity_type={1}
			]]>
        </GENERAL>
    </SQL>
    <SQL id="getUserByUserPass" name="查询用户主体信息">
        <GENERAL>
            <![CDATA[
				SELECT T2.USERID, T1.STATUS, T2.GROUPID, T3.LEVELS,T3.ISADMIN,T1.ID GRANT_ID, T1.STATUS GRANT_STATUS, T2.TRUENAME,T2.IDENTITY,T2.USERDESC,T2.EMAIL,T2.PHONE,T2.MOBILE,T2.ENABLE FROM (SELECT USERID, ID, STATUS FROM USER_GRANT WHERE 1=1 AND IDENTIFIER='{IDENTIFIER}' AND CREDENTIAL='{CREDENTIAL}' AND IDENTITY_TYPE={IDENTITY_TYPE}  AND STATUS > 0) T1 LEFT JOIN USER_INFO T2 ON T1.USERID=T2.USERID LEFT JOIN USER_GROUP T3 ON T2.GROUPID=T3.GROUPID WHERE T2.ENABLE<>0
			]]>
        </GENERAL>
    </SQL>
    <SQL id="addRcsPhoneRole">
        <GENERAL>
            <![CDATA[
				insert into rcs_phone_roles values('{0}', '{1}')
			]]>
        </GENERAL>
    </SQL>
    <SQL id="delRcsPhoneRole">
        <GENERAL>
            <![CDATA[
				delete from rcs_phone_roles where userPhone='{0}'
			]]>
        </GENERAL>
    </SQL>
    <SQL id="addRcsUser">
        <GENERAL>
            <![CDATA[
			insert into rcs_user (username,phone,emailAddress,updatetime,customerId) values('{TRUENAME}','{PHONE}','{EMAIL}',${sysdt},'{customerId}');
			]]>
        </GENERAL>
        <MYSQL>
            <param id="sysdt" value="sysdate()"/>
        </MYSQL>
        <ORACLE>
            <param id="sysdt" value="sysdate"/>
        </ORACLE>
    </SQL>
    <SQL id="addUserInfo" name="添加用户">
        <GENERAL>
            <![CDATA[
               INSERT INTO USER_INFO (GROUPID,TRUENAME,IDENTITY,USERDESC,EMAIL,PHONE,MOBILE,ENABLE,CREATIONTIME) VALUES ('{GROUPID}','{TRUENAME}','{IDENTITY}','{USERDESC}','{EMAIL}','{PHONE}','{MOBILE}','{ENABLE}',${sysdt});
  		    ]]>
        </GENERAL>
        <MYSQL>
            <param id="sysdt" value="sysdate()"/>
        </MYSQL>
        <ORACLE>
            <param id="sysdt" value="sysdate"/>
        </ORACLE>
    </SQL>
    <SQL id="updateRcsUser" name="编辑rcs用户">
        <GENERAL>
            <![CDATA[
			   update rcs_user set username='{username}',picture='{picture}',phone='{phone}',area='{area}',sex='{sex}',emailaddress='{email}' where userid='{userid}'
  		    ]]>
        </GENERAL>
    </SQL>
    <SQL id="updateRcsUserField" name="编辑rcs用户字段">
        <GENERAL>
            <![CDATA[
			   update rcs_user set /*username='{username}'*/ /*,picture='{picture}'*/ /*,area='{area}'*/ /*,sex='{sex}'*/ /*,emailAddress='{emailAddress}'*/ /*,skinId='{skinId}'*/ where phone='{phone}'
  		    ]]>
        </GENERAL>
    </SQL>
    <SQL id="deleteRcsUser" name="删除rcs用户">
        <GENERAL>
            <![CDATA[
			    delete from rcs_phone_roles where userphone in (select phone from rcs_user where userid='{userid}');
				delete from rcs_user where userid='{userid}';
  		    ]]>
        </GENERAL>
    </SQL>
    <SQL id="updateUserInfo" name="编辑用户主体信息">
        <GENERAL>
            <![CDATA[
			   update user_info set groupid='{groupid}',truename='{truename}',identity='{identity}',userdesc='{userdesc}',email='{email}',phone='{phone}',mobile='{mobile}',enable='{enable}' where userid='{userid}'
  		    ]]>
        </GENERAL>
    </SQL>

    <SQL id="delUserInfo" name="删除用户主体信息和用户登录信息">
        <GENERAL>
            <![CDATA[
			 DELETE FROM USER_GRANT WHERE USERID='{userid}';
			 DELETE FROM USER_INFO WHERE USERID='{userid}';
  		    ]]>
        </GENERAL>
    </SQL>
    <SQL id="delRcsUserInfo" name="删除用户信息">
        <GENERAL>
            <![CDATA[
			 delete from rcs_user_tag_relation where phone = '{phone}';
			 delete from rcs_phone_roles where userphone='{phone}';
  			 delete from rcs_user where phone='{phone}';
  		    ]]>
        </GENERAL>
    </SQL>
    <SQL id="addUserGrant" name="添加用户名">
        <GENERAL>
            <![CDATA[
               INSERT INTO USER_GRANT (USERID,IDENTITY_TYPE,IDENTIFIER,CREDENTIAL,STATUS,CDATE,MDATE) VALUES({USERID},'{IDENTITY_TYPE}','{IDENTIFIER}','{CREDENTIAL}','{STATUS}',${sysdt},${sysdt});
  		    ]]>
        </GENERAL>
        <MYSQL>
            <param id="sysdt" value="sysdate()"/>
        </MYSQL>
        <ORACLE>
            <param id="sysdt" value="sysdate"/>
        </ORACLE>
    </SQL>
    <SQL id="updateUserGrant" name="编辑用户登录信息">
        <GENERAL>
            <![CDATA[
				update user_grant set identifier='{identifier}',credential='{credential}',status='{status}' where id='{id}'
  		    ]]>
        </GENERAL>
    </SQL>
    <SQL id="changeUserPwd" name="用户修改用户密码">
        <GENERAL>
            <![CDATA[
				update user_grant set credential='{credential}'/*,status='{status}'*/ where userid='{ydzyUserId}'
  		    ]]>
        </GENERAL>
    </SQL>

    <SQL id="resetUserPwd" name="用户重置用户密码">
        <GENERAL>
            <![CDATA[
				UPDATE user_grant SET credential = '{credential}',mdate=${sysdt} WHERE userid =(
                SELECT userid FROM user_info WHERE groupid IN ( SELECT groupid FROM zuul_user_app_relation WHERE app_id = 38 )
                AND mobile = '{mobile}' );
  		    ]]>
        </GENERAL>

        <MYSQL>
            <param id="sysdt" value="sysdate()"/>
        </MYSQL>
        <ORACLE>
            <param id="sysdt" value="sysdate"/>
        </ORACLE>
    </SQL>

    <SQL id="deleteUserGrant" name="删除用户登录信息">
        <GENERAL>
            <![CDATA[
				delete from user_grant where id='{id}'
  		    ]]>
        </GENERAL>
    </SQL>
    <SQL id="queryUserGroup" name="查询用户组">
        <GENERAL>
            <![CDATA[
             SELECT groupid,parentid,groupname,groupdesc,cdate,mdate,isadmin FROM USER_GROUP  A WHERE GROUPID>0
             AND GROUPID IN (SELECT CASE WHEN B.PARENTID=0 THEN A.GROUPID  else B.GROUPID END GROUPID  FROM USER_GROUP A
			 LEFT JOIN (SELECT DISTINCT GROUPID,ISADMIN,PARENTID FROM USER_GROUP WHERE GROUPID='{groupid}' or PARENTID='{groupid}') B ON 1=1)
			 AND CUSERID=-1
  		    ]]>
        </GENERAL>
    </SQL>
    <SQL id="addUserGroup" name="添加用户组">
        <GENERAL>
            <![CDATA[
               insert into user_group(parentid,levels,`rank`,groupname,groupdesc,cdate,mdate,cuserid,muserid,isadmin)
	values('{parentid}',1,1,'{groupname}','{groupdesc}',${sysdt},${sysdt},-1,1,'{isadmin}')
  		    ]]>
        </GENERAL>
        <MYSQL>
            <param id="sysdt" value="sysdate()"/>
        </MYSQL>
        <ORACLE>
            <param id="sysdt" value="sysdate"/>
        </ORACLE>
    </SQL>
    <SQL id="addUserGroupApp" name="添加用户组可访问应用关系">
        <GENERAL>
            <![CDATA[
               insert into zuul_user_app_relation(app_id,groupid) values(38, '{0}')
  		    ]]>
        </GENERAL>
        <MYSQL>
            <param id="sysdt" value="sysdate()"/>
        </MYSQL>
        <ORACLE>
            <param id="sysdt" value="sysdate"/>
        </ORACLE>
    </SQL>
    <SQL id="updateUserGroup" name="编辑用户组">
        <GENERAL>
            <![CDATA[
               update user_group set parentid={parentid},groupname='{groupname}',groupdesc='{groupdesc}',mdate=${sysdt},isadmin={isadmin}
				where groupid={groupid}
  		    ]]>
        </GENERAL>
        <MYSQL>
            <param id="sysdt" value="sysdate()"/>
        </MYSQL>
        <ORACLE>
            <param id="sysdt" value="sysdate"/>
        </ORACLE>
    </SQL>
    <SQL id="delUserGroup" name="删除用户组">
        <GENERAL>
            <![CDATA[
               delete from user_group where groupid='{groupid}'
  		    ]]>
        </GENERAL>
    </SQL>
    <SQL id="queryUserCountByGroupId" name="查询用户数">
        <GENERAL>
            <![CDATA[
               SELECT COUNT(1) ct FROM USER_INFO  A
               LEFT JOIN USER_GRANT B ON A.USERID=B.USERID LEFT JOIN USER_GROUP D ON A.GROUPID=D.GROUPID  WHERE B.IDENTITY_TYPE=4 AND D.PARENTID <> 0
               AND A.GROUPID IN (SELECT CASE WHEN B.PARENTID=0 and A.PARENTID!=0 THEN A.GROUPID WHEN A.PARENTID!=0 then B.GROUPID END GROUPID  FROM USER_GROUP A
               LEFT JOIN(SELECT DISTINCT GROUPID,ISADMIN,PARENTID FROM USER_GROUP WHERE GROUPID='{groupid}') B ON 1=1)  AND CUSERID=-1
  		    ]]>
        </GENERAL>
    </SQL>
    <SQL id="queryUserByGroupId" name="查询用户信息">
        <GENERAL>
            <![CDATA[
               SELECT A.USERID,A.GROUPID,IDENTIFIER,TRUENAME,D.GROUPNAME,USERDESC,EMAIL,MOBILE,(SELECT zh_cn FROM V_START_INFO E WHERE A.ENABLE=E.ID) AS ENABLE ,
               (select zh_cn from V_IDENTITY_TYPE c where B.Identity_Type=c.id) as  IDENTITY_TYPE  FROM USER_INFO  A
               LEFT JOIN USER_GRANT B ON A.USERID=B.USERID LEFT JOIN USER_GROUP D ON A.GROUPID=D.GROUPID  WHERE B.IDENTITY_TYPE=4 AND D.PARENTID <> 0
               AND A.GROUPID IN (SELECT CASE WHEN B.PARENTID=0 and A.PARENTID!=0 THEN A.GROUPID WHEN A.PARENTID!=0 then B.GROUPID END GROUPID  FROM USER_GROUP A
               LEFT JOIN(SELECT DISTINCT GROUPID,ISADMIN,PARENTID FROM USER_GROUP WHERE GROUPID='{groupid}') B ON 1=1)  AND CUSERID=-1
  		    ]]>
        </GENERAL>
    </SQL>
    <SQL id="getAppsByGroup" name="get userGroup access app">
        <GENERAL>
            <![CDATA[
				SELECT DISTINCT GROUPID,APP_SERVER_NAME FROM (SELECT T1.GROUPID,T1.APP_ID,T2.APP_SERVER_NAME FROM ZUUL_USER_APP_RELATION T1 LEFT JOIN ZUUL_APP_INFO T2 ON T1.APP_ID =T2.APP_ID LEFT JOIN USER_GROUP T3 ON T1.GROUPID=T3.GROUPID WHERE T2.APP_TYPE > 1 UNION ALL SELECT DISTINCT A2.GROUPID, A1.APP_ID,A1.APP_SERVER_NAME FROM ZUUL_APP_INFO A1,USER_GROUP A2 WHERE  A1.APP_TYPE > 1 AND (A2.PARENTID=0 OR A2.ISADMIN=1)) TT where GROUPID={0}
			]]>
        </GENERAL>
    </SQL>
    <SQL id="queryUserTags" name="查询用户标签">
        <GENERAL>
            <![CDATA[
				select distinct t2.tagNo,t2.tagsubtype tagsubType,t3.tagNo parentNo,t3.tagsubtype tagType from rcs_user_tag_relation t1
				left join rcs_phone_roles t4 on t1.phone=t4.userphone
				left join v_rcs_tags t2 on t1.tagNo=t2.tagNo
				left join v_rcs_tags t3 on t2.tagtype=t3.tagid
				where 1=1 /*and t4.chatbotid='{app}'*/ /*and t1.phone='{phone}'*/
			]]>
        </GENERAL>
    </SQL>
    <SQL id="allotUserTags" name="分配用户标签">
        <GENERAL>
            <![CDATA[
				insert into rcs_user_tag_relation(phone, tagNo) values('{0}', '{1}')
			]]>
        </GENERAL>
    </SQL>
    <SQL id="deleteUserTags" name="删除用户标签">
        <GENERAL>
            <![CDATA[
			    delete from rcs_user_tag_relation where phone='{0}' and tagNo='{1}'
			]]>
        </GENERAL>
    </SQL>
    <SQL id="queryYdzyMenuByGroup">
        <GENERAL>
            <![CDATA[
select t1.menu_id,t1.parentid,t1.levels,t1.MENUNAME as menu_text,t1.parameter_type,t1.parameter,t1.icon_uri,t1.menu_url,t1.app_id,t1.rank from (
            SELECT DISTINCT C.MENU_ID,
                ICON_URI,
                MENUNAME,
                MENUNAME_TW,
                MENUNAME_EN,
                LEVELS,
                (SELECT PARENTNAME
                   FROM (SELECT MENU_ID,
                                (SELECT zh_cn
                                   FROM TI18N TI
                                  WHERE TI.ID = PA.MENU_TEXT_I18NID) AS PARENTNAME
                           FROM MENU_INFO PA order by PA.RANK asc) PNAME
                  WHERE PNAME.MENU_ID = C.PARENTID) PARENTNAME,
                MENU_URL,
				`RANK`,
                PARAMETER_TYPE,
                PARENTID,
                C.PARAMETER as PARAMETER,
                app_id as APP_ID,
                appname AS APPNAME,REPORT_NAME as REPORT_ID,
               d.PROJECTNAME
  FROM (SELECT MENU_ID,
			   `RANK`,
               PARENTID,
               (SELECT zh_CN FROM TI18N B WHERE B.ID = A.MENU_TEXT_I18NID) AS MENUNAME,
               (SELECT zh_tw FROM TI18N B WHERE B.ID = A.MENU_TEXT_I18NID) AS MENUNAME_TW,
               (SELECT en_us FROM TI18N B WHERE B.ID = A.MENU_TEXT_I18NID) AS MENUNAME_EN,
               MENU_URL,
               PARAMETER_TYPE,
               icon_uri,
               parameter,
               LEVELS,
               (select (select zh_cn
                          from TI18N t
                         where t.id = s.app_name_i18nid)
                  from zuul_app_info s
                 where s.app_id = a.app_id) appname,
               app_id
          FROM V_MENU_INFO A
         WHERE LEVELS='{levels}' and PARENTID != 1 order by A.RANK asc) C LEFT JOIN v_menu_report_relation D  ON C.parameter =D.parameter
          LEFT JOIN (select menu_id from user_group_menu_relation B1 where 1=1 /*and groupid='{groupid}'*/) E ON C.menu_id=E.menu_id
		left join (select parentid as pid  from user_group where  1=1 /*and groupid='{groupid}'*/) W on 1=1
		where e.menu_id is not  null or pid=0) t1  where APP_ID= '38' order by parentid,`rank`
			]]>
        </GENERAL>
    </SQL>
    <SQL id="addYdzyMenuInfo" name="添加菜单">
        <GENERAL>
            <![CDATA[
			insert into menu_info(parentid,`rank`,menu_text_i18nid,app_id,menu_url,parameter,parameter_type,icon_uri,menu_name)
			values('{parentid}','{rank}','{menu_text_i18nid}','{app_id}','{menu_url}','{parameter}','{parameter_type}','{icon_uri}','treename')
			]]>
        </GENERAL>
    </SQL>
    <SQL id="updateYdzyMenuInfo" name="编辑菜单">
        <GENERAL>
            <![CDATA[
			update menu_info set parentid='{parentid}',`rank`='{rank}',menu_url='{menu_url}',parameter='{parameter}',
			parameter_type='{parameter_type}',icon_uri='{icon_uri}' where menu_id='{menu_id}'
			]]>
        </GENERAL>
    </SQL>
    <SQL id="deleteYdzyMenuInfo" name="删除菜单">
        <GENERAL>
            <![CDATA[
			delete from ti18n where id=(select menu_text_i18nid from menu_info where menu_id='{menu_id}');
			delete from menu_info where menu_id='{menu_id}';
			]]>
        </GENERAL>
    </SQL>
    <SQL id="queryMenuRouteRelation" name="查询菜单路由关系">
        <GENERAL>
            <![CDATA[
			select t2.menu_id menuid,t1.apiid,t2.parentid,t2.rank,t2.menu_text,t2.menu_url,t2.icon_uri,t2.parameter,t2.parameter_type,
			t3.apiname,t3.apiinfo,t3.apitype,t3.updatdate
			from v_menu_info t2 left join menu_api_relation t1 on t1.menuid=t2.menu_id
			left join api_form t3 on t1.apiid=t3.id where t2.app_id=38 /*and t2.levels='{levels}'*/
			]]>
        </GENERAL>
    </SQL>
    <SQL id="addMenuRouteRelation" name="添加菜单路由关系">
        <GENERAL>
            <![CDATA[
			insert into menu_api_relation values('{0}','{1}')
			]]>
        </GENERAL>
    </SQL>
    <SQL id="delMenuRouteRelation" name="删除菜单路由关系">
        <GENERAL>
            <![CDATA[
			delete from menu_api_relation where menuid='{0}' and apiid='{1}'
			]]>
        </GENERAL>
    </SQL>
    <SQL id="queryRoutes">
        <GENERAL>
            <![CDATA[
select id,appid,apiname,apiinfo,filepath,updatdate from api_form where appid=38 /*and levels='{levels}'*/
			]]>
        </GENERAL>
    </SQL>
    <SQL id="queryRouteByMenus">
        <GENERAL>
            <![CDATA[
			select distinct a2.operatorRight,a1.apiname,a1.apiinfo,a1.apitype,a1.appid,a1.filepath,
case when a2.isdelete is null then 0 else a2.isdelete end as isdelete,
case when a2.isedit is null then 0 else a2.isedit end as isedit,
case when a2.isexport is null then 0 else a2.isexport end as isexport,
'1' isquery from v_all_routes a1 left join (
select distinct operatorRight,apiname,apiinfo,apitype,appid,groupid,isdelete,isedit,isexport
from v_all_routes t1 left join user_group_route_right t2 on t1.apiname=t2.route where groupid='{groupid}'
) a2 on a1.apiname=a2.apiname where a1.appid='{appid}' and menuid in ({menuid}) and levels='{levels}'
			]]>
        </GENERAL>
    </SQL>
    <SQL id="addYdzyRoute">
        <GENERAL>
            <![CDATA[
insert into api_form (appid,apiname,apiinfo,updatdate,apitype,filepath, levels) values(38,'{apiname}', '{apiinfo}',now(),'route','{filepath}', '{levels}')
			]]>
        </GENERAL>
    </SQL>
    <SQL id="updateYdzyRoute">
        <GENERAL>
            <![CDATA[
update api_form set apiname='{apiname}',apiinfo='{apiinfo}',filepath='{filepath}',updatdate=now() where id='{id}'
			]]>
        </GENERAL>
    </SQL>
    <SQL id="deleteYdzyRoute">
        <GENERAL>
            <![CDATA[
delete from api_form where id='{id}'
			]]>
        </GENERAL>
    </SQL>
    <SQL id="queryUserGroupMenuRelation" name="查询用户组和菜单关系">
        <GENERAL>
            <![CDATA[
		select t3.groupid,t3.groupname,t3.groupdesc,
		t1.menu_id as menu_id ,t1.parentid as parentid ,t1.levels as levels,t1.rank as `rank`,t1.menu_name as menu_name,
		t2.zh_cn as menu_text,t1.menu_url as menu_url ,t1.parameter as parameter,t1.parameter_type as parameter_type,t1.icon_uri as icon_uri
		from user_group t3
		left join v_user_group_menu t1  on t3.groupid=t1.groupid
		left join ti18n t2 on t1.MENU_TEXT_I18NID = t2.id
		where t3.cuserid=-1 order by groupid
			]]>
        </GENERAL>
    </SQL>
    <SQL id="addUserGroupMenuRelation">
        <GENERAL>
            <![CDATA[
				insert into user_group_menu_relation(groupid, menu_id) values('{0}', '{1}')
			]]>
        </GENERAL>
    </SQL>
    <SQL id="deleteUserGroupMenuRelation">
        <GENERAL>
            <![CDATA[
				delete from user_group_menu_relation where groupid='{0}' and menu_id='{1}'
			]]>
        </GENERAL>
    </SQL>
    <SQL id="queryUserGroupRouteRelation">
        <GENERAL>
            <![CDATA[
			select t1.id,operatorRight,t3.groupid,t3.groupname,t3.groupdesc,t2.apiname,t2.apiinfo,t1.isdelete,t1.isedit,t1.isexport from user_group t3
	    left join user_group_route_right t1 on t1.groupid=t3.groupid
			left join (
					select distinct levels,apiname,apiinfo from
					(
					select levels,menu_url as apiname, menu_text as apiinfo,'menu' apitype, '' updatdate from v_menu_info where app_id=38 and menu_url is not null and menu_url<>''
					union all
					select apiname,apiinfo,apitype,updatdate from api_form where appid=38 and apitype='route'
					) t
			) t2 on t1.route=t2.apiname
			where t3.cuserid=-1 /*and t2.levels='{levels}'*/
			]]>
        </GENERAL>
    </SQL>
    <SQL id="editUserGroupRouteRelation">
        <GENERAL>
            <![CDATA[
				update user_group_route_right set isdelete='{0}',isedit='{1}',isexport='{2}' where id='{3}'
			]]>
        </GENERAL>
    </SQL>
    <SQL id="addGroupRouteRelation">
        <GENERAL>
            <![CDATA[
				insert into user_group_route_right(groupid,route,isdelete,isedit,isexport) values('{0}','{1}','{2}','{3}','{4}')
			]]>
        </GENERAL>
    </SQL>
    <SQL id="query5gRcsUsers">
        <GENERAL>
            <![CDATA[
select t1.groupid,t1.parentid,t1.isadmin,t1.groupname,t1.groupdesc,t1.cdate,t1.mdate,
t2.userid,t2.truename,t2.userdesc,t2.email,t2.phone,t2.mobile,t2.enable
,t3.id,t3.identity_type,t3.identifier,t3.credential,t3.status
from user_group t1 left join user_info t2 on (t1.groupid=t2.groupid /*or t1.parentid=t2.groupid*/)
left join user_grant t3 on t2.userid=t3.userid
where cuserid=-1 and (
	 (parentid = '{groupid}') /*or 0={levels}*/
	 /*or t1.groupid in (
	SELECT CASE WHEN B.PARENTID=0 and A.PARENTID!=0 THEN A.GROUPID WHEN A.PARENTID!=0 then B.GROUPID END GROUPID  FROM USER_GROUP A
	LEFT JOIN(SELECT DISTINCT GROUPID,ISADMIN,PARENTID FROM USER_GROUP WHERE GROUPID='{1}') B ON 1=1
	)*/
) order by groupid
			]]>
        </GENERAL>
    </SQL>
    <SQL id="queryAvatarForCompany" name="查询渠道头像">
        <GENERAL>
            <![CDATA[
			select username as `key` ,avatar as avatar from rcs_company_grant where 1 = 1 /* and username = '{key}' */
			]]>
        </GENERAL>
    </SQL>
    <SQL id="queryAvatarForUser" name="查询民众头像">
        <GENERAL>
            <![CDATA[
			SELECT DISTINCT  phone as `key` , picture as avatar FROM `rcs_user` where 1 = 1  /* and phone = '{key}' */
			]]>
        </GENERAL>
    </SQL>
    <SQL id="checkOperatorPhone4Csp" name="校验 operatorPhone 唯一性">
        <GENERAL>
            <![CDATA[
			SELECT count(1) as count FROM `rcs_user` WHERE phone = '{operatorPhone}'
			]]>
        </GENERAL>
    </SQL>
    <SQL id="checkEmailAddress4Csp" name="校验 emailAddress 唯一性">
        <GENERAL>
            <![CDATA[
			SELECT count(1) as count FROM `rcs_user` WHERE emailAddress = '{emailAddress}'
			]]>
        </GENERAL>
    </SQL>
    <SQL id="insert2rcs_phone_roles" name="校验 contractNo 唯一性">
        <GENERAL>
            <![CDATA[
			INSERT INTO  `rcs_phone_roles`(`chatbotId`, `userPhone`)
			 VALUES ('{chatbotId}', '{currUserPhone}');
			]]>
        </GENERAL>
    </SQL>
    <SQL id="insertintoonlineUser" name="记录rcs_online_user">
        <GENERAL>
            <![CDATA[
			insert into
                rcs_online_user
                (`platform`,
                  `boxId`  ,
                  `hostname`,
                  `address`,
                  `port`,
                  `chatbotid`,
                  `senderAddress`,
                  `targetNo`,
                  `status`,
                  `capturetime`,serverAddress,nick ,position, thirdpartUserInfo )
                    values(
                    '{platform}',
                  '{boxId}',
                  '{hostname}',
                  '{address}',
                  '{port}',
                  '{chatbotid}',
                  '{senderAddress}',
                  '{targetNo}',
                  '{status}',
                  ${sysdt},
                  '{serverAddress}',
                  '{nick}','{position}', '{thirdpartUserInfo}'
                    )
			]]>
        </GENERAL>
        <MYSQL>
            <param id="sysdt" value="SYSDATE()"/>
        </MYSQL>
        <ORACLE>
            <param id="sysdt" value="sysdate"/>
        </ORACLE>
    </SQL>
    <SQL id="secondLoadUserGroupRoutes" name="二次查询用户组-路由">
        <GENERAL>
            <![CDATA[
			select distinct apiid,apiname,apiinfo,filepath from user_group_menu_relation t1 left join v_all_routes t2 on t1.menu_id=t2.menuid where t1.groupid='{groupid}' and apiname <>'' and appid=38 and apiname not in (
			select route from user_group_route_right where groupid='{groupid}') and apiid is not null and  apiid <>''
			]]>
        </GENERAL>
    </SQL>
    <SQL id="queryAllUserCluster" name="查询所有用户群组">
        <GENERAL>
            <![CDATA[
				select * from rcs_user_cluster where 1=1 /*and chatbotid='{chatbotid}'*/
			]]>
        </GENERAL>
    </SQL>
    <SQL id="queryRcsUserByClusterId" name="根据用户群组id查询用户">
        <GENERAL>
            <![CDATA[
				select t1.*,t2.* from rcs_user_cluster_relation t1 left join rcs_user t2 on t1.userid=t2.userid
				left join rcs_user_cluster t3 on t1.cluster_id=t3.cluster_id
				where 1=1 and t3.isblacklist='{isblacklist}' /*and t1.cluster_id='{cluster_id}'*/ /*and t3.isblacklist='{isblacklist}'*/
			]]>
        </GENERAL>
    </SQL>
    <SQL id="addRcsUserCluster" name="添加用户群组">
        <GENERAL>
            <![CDATA[
				insert into rcs_user_cluster (cluster_name, cluster_desc, isblacklist, chatbotid) values ('{cluster_name}', '{cluster_desc}', '{isblacklist}', '{chatbotid}')
			]]>
        </GENERAL>
    </SQL>
    <SQL id="updateRcsUserCluster" name="更新用户群组">
        <GENERAL>
            <![CDATA[
				update rcs_user_cluster set cluster_name='{cluster_name}'/*,cluster_desc='{cluster_desc}'*//*,isblacklist='{isblacklist}'*//*,chatbotid='{chatbotid}'*/ where cluster_id='{cluster_id}'
			]]>
        </GENERAL>
    </SQL>
    <SQL id="delRcsUserCluster" name="删除用户群组">
        <GENERAL>
            <![CDATA[
				delete from rcs_user_cluster where cluster_id='{cluster_id}'
			]]>
        </GENERAL>
    </SQL>
    <SQL id="addRcsUserClusterRelation" name="添加用户群组关系">
        <GENERAL>
            <![CDATA[
				insert into rcs_user_cluster_relation(userid,cluster_id) values('{userid}', '{cluster_id}')
			]]>
        </GENERAL>
    </SQL>
    <SQL id="delRcsUserClusterRelation" name="删除用户群组关系">
        <GENERAL>
            <![CDATA[
				delete from rcs_user_cluster_relation where userid='{userid}' and cluster_id='{cluster_id}'
			]]>
        </GENERAL>
    </SQL>
    <SQL id="inserttourcodeuseropenid">
        <GENERAL>
            <![CDATA[
				insert into rcs_user_info    (phone,openid,updatetime)
				values ({phone},'{openId}',${sysdt})
			]]>
        </GENERAL>
        <MYSQL>
            <param id="sysdt" value="SYSDATE()"/>
        </MYSQL>
        <ORACLE>
            <param id="sysdt" value="sysdate"/>
        </ORACLE>
    </SQL>
    <SQL id="updatetourcodeuseropenid">
        <GENERAL>
            <![CDATA[
			update rcs_user_info set   openid='{openId}' , updatetime=${sysdt}  where phone={phone}
			]]>
        </GENERAL>
        <MYSQL>
            <param id="sysdt" value="SYSDATE()"/>
        </MYSQL>
        <ORACLE>
            <param id="sysdt" value="sysdate"/>
        </ORACLE>
    </SQL>
    <SQL id="checktourcodeuseropenid">
        <GENERAL>
            <![CDATA[
			select distinct openid from  rcs_user_info  where phone='{phone}'
			]]>
        </GENERAL>
    </SQL>
    <SQL id="redefineOnlineUser" name="reback">
        <GENERAL>
            <![CDATA[
			 SELECT distinct platform ,senderAddress, max(targetNo) targetNo,chatbotid,nick,max(position) position,thirdpartUserInfo  FROM `rcs_online_user` where capturetime >DATE_sub(sysdate(),INTERVAL 10 day)  and senderAddress='{phone}'
 group by platform ,senderAddress,chatbotid,nick,thirdpartUserInfo
			]]>
        </GENERAL>
    </SQL>

    <SQL id="updateUserAuditInfo" name="编辑用户审核信息">
        <GENERAL>
            <![CDATA[
			   update user_info set truename='{trueName}', identity='{idNumber}', identityPic1='{frontIdCard}',identityPic2='{reverseIdCard}'
			   /* , email='{email}' */ /* ,enable='{enable}' */  where userid={userid};
  		    ]]>
        </GENERAL>
    </SQL>

    <SQL id="updateRcsUserAuditInfoByPhone" name="编辑rcs用户审核信息">
        <GENERAL>
            <![CDATA[
			   update rcs_user set operatorCard='{idNumber}', operatorIdentityPic1='{frontIdCard}', operatorIdentityPic2='{reverseIdCard}'
			   /*, emailAddress='{email}'*/ where phone='{phone}';
  		    ]]>
        </GENERAL>
    </SQL>
</SQLS>