<?xml version="1.0" encoding="UTF-8"?>
<SQLS>
    <SQL id="updateUserInfoOperationLog" name="修改用户信息审核记录">
        <GENERAL>
            <![CDATA[
                update user_info_operation_log set updateTime=now()  /*, changeInfo='{changeInfo}' */
                /*, auditStatus='{auditStatus}' */ /*, auditorId='{auditorId}' */ /*, feedback='{feedback}' */ where auditId={auditId};
			]]>
        </GENERAL>
    </SQL>
    <SQL id="queryUserInfoOpLogWait" name="查询待审核用户信息">
        <GENERAL>
            <![CDATA[
             select t1.*, t2.mobile, t2.truename, t2.identity, t2.identityPic1, t2.identityPic2
             from user_info_operation_log t1 left join user_info t2 on t1.userid=t2.userid where t1.auditStatus = 1 /* and t1.operationType='{operationType}' */
            ]]>
        </GENERAL>
    </SQL>
    <SQL id="queryUserInfoOpLog" name="查询用户最新审核信息">
        <GENERAL>
            <![CDATA[
                select * from user_info_operation_log where auditId = (select max(auditId) from user_info_operation_log where userid = '{userid}')  and auditStatus <= 2;
			]]>
        </GENERAL>
    </SQL>
    <SQL id="addUserInfoOperationLog" name="新增用户信息审核记录">
        <GENERAL>
            <![CDATA[
                insert into user_info_operation_log(userid,changeInfo,operationType)
                values('{userid}','{changeInfo}','{operationType}')
			]]>
        </GENERAL>
    </SQL>


</SQLS>