<?xml version="1.0" encoding="UTF-8"?>
<SQLS>
    <SQL id="insertorders" name="记录订单支付动作">
        <GENERAL>
            <![CDATA[
	insert into rcs_orders(
  return_url ,notify_url,out_trade_no , `subject` ,
  `total_amount` ,
  `body`,
  `product_code` ,
  `configid` ,
  `sid` ,
  `mdn` ,
  `trade_time` )
	VALUES(
	?,
	?,
	?,
	?,
	?,
	?,
	?,
	?,
	?,
	?,
	${sysdt}
	)
	]]>
        </GENERAL>
        <MYSQL>
            <param id="sysdt" value="SYSDATE()"/>
        </MYSQL>
        <ORACLE>
            <param id="sysdt" value="sysdate"/>
        </ORACLE>
    </SQL>

    <SQL id="updateOrders" name="记录订单完成验证更新">
        <GENERAL>
            <![CDATA[
	update rcs_orders set  trade_no=?,verify_result=?,finished_time=${sysdt} where out_trade_no=?
	]]>
        </GENERAL>
        <MYSQL>
            <param id="sysdt" value="SYSDATE()"/>
        </MYSQL>
        <ORACLE>
            <param id="sysdt" value="sysdate"/>
        </ORACLE>
    </SQL>

    <SQL id="updateOrdersall" name="记录订单完成验证更新">
        <GENERAL>
            <![CDATA[
	update rcs_orders set  trade_no=?,trade_status=?,verify_result=?,finished_time=${sysdt} where out_trade_no=?
	]]>
        </GENERAL>
        <MYSQL>
            <param id="sysdt" value="SYSDATE()"/>
        </MYSQL>
        <ORACLE>
            <param id="sysdt" value="sysdate"/>
        </ORACLE>
    </SQL>

    <SQL id="queryStuByPhone">
        <GENERAL>
            <![CDATA[
			SELECT stu.school,stu.className,stu.name,	stu.sex	,stu.birthday,stu.parentName,stu.telphone,cb.chatbotname,stu.studentId
			 FROM `rcs_student` stu left join rcs_chatbotinfo cb on cb.chatbotid = stu.chatBotId WHERE stu.telphone = '{telphone}'
			]]>
        </GENERAL>
    </SQL>
    <SQL id="updateStuById">
        <GENERAL>
            <![CDATA[
			UPDATE rcs_student set school = "{school}",className = "{className}",name = "{name}",sex =  "{sex}",
        	birthday =  "{birthday}",parentName = "{parentName}" WHERE studentId = '{studentId}'
			]]>
        </GENERAL>
    </SQL>
    <SQL id="queryCarinfoById">
        <GENERAL>
            <![CDATA[
			SELECT params FROM `rcs_msg_template_params` where tempId = '{tempId}'
			]]>
        </GENERAL>
    </SQL>
    <SQL id="insertBookCarinfo" afterUpdateBeanName="carinfoUpdateAfter">
        <GENERAL>
            <![CDATA[
			INSERT INTO  dccar_bookinfo( `brand`, `model`, `business`, `bookdate`, `mileage`, `lastname`, `firstname`, `gender`, `phone`)
			 VALUES ('{brand}', '{model}', '{business1}', '{bookdate}', '{mileage}', '{lastname}', '{firstname}', '{gender}', '{phone}');
			]]>
        </GENERAL>
    </SQL>
    <SQL id="queryBookCarinfo">
        <GENERAL>
            <![CDATA[
			SELECT `id`, `brand`, `model`,
			 `business`, `bookdate`, `mileage`, `lastname`, `firstname`, `gender`, `phone`
			  from dccar_bookinfo WHERE phone = '{phone}' and business = '{business1}' order by bookdate desc limit 1
			]]>
        </GENERAL>
    </SQL>
    <SQL id="updateBookCarinfo" afterUpdateBeanName="carinfoUpdateAfter">
        <GENERAL>
            <![CDATA[
			UPDATE dccar_bookinfo set brand = "{brand}",model = "{model}",business = "{business1}",bookdate =  "{bookdate}",
        	mileage =  "{mileage}",lastname = "{lastname}",firstname = "{firstname}" ,`gender`= '{gender}',`phone`="{phone}"
        	 WHERE id = '{id}'
			]]>
        </GENERAL>
    </SQL>
    <SQL id="queryCarBook">
        <GENERAL>
            <![CDATA[
			select brand,model from car_book where isshow=1
			]]>
        </GENERAL>
    </SQL>
    <SQL id="queryJiazhangOrder">
        <GENERAL>
            <![CDATA[
			SELECT * FROM rcs_t0_jiazhang_order where orderCode='{orderCode}' and userphone='{phone}' /*and orderDate > '{st}'*/ /*and orderDate > '{et}'*/ order by orderCode,orderDate desc
			]]>
        </GENERAL>
    </SQL>
    <SQL id="queryKjylMine" name="科技养老查询">
        <GENERAL>
            <![CDATA[
			select * from rcs_t0_my_kjyl where id='{id}'
			]]>
        </GENERAL>
    </SQL>
    <SQL id="insertKjylMine" name="科技养老添加">
        <GENERAL>
            <![CDATA[
			insert into rcs_t0_my_kjyl values('{id}','{name}','{age}','{phone}','{identity}','{service}','{subsidies}','{payfees}','{activities}','{equipment}','{institutions}','{relation}')
			]]>
        </GENERAL>
    </SQL>
    <SQL id="editKjylMine" name="科技养老编辑">
        <GENERAL>
            <![CDATA[
			update rcs_t0_my_kjyl set name='{name}',age='{age}',phone='{phone}',identity='{identity}',service='{service}',subsidies='{subsidies}',payfees='{payfees}',activities='{activities}',equipment='{equipment}',institutions='{institutions}',relation='{relation}' where id='{id}'
			]]>
        </GENERAL>
    </SQL>


    <SQL id="queryGz110Mine" name="贵州110查询">
        <GENERAL>
            <![CDATA[
			select * from rcs_t0_my_gz110 where id='{id}'
			]]>
        </GENERAL>
    </SQL>
    <SQL id="insertGz110Mine" name="贵州110添加">
        <GENERAL>
            <![CDATA[
			insert into rcs_t0_my_gz110 values ('{id}','{name}','{age}', '{phone}', '{identity}', '{address}', '{contacts}', '{contacts_phone}');
			]]>
        </GENERAL>
    </SQL>
    <SQL id="insertintogz110_order" name="添加报警" afterUpdateBeanName="gz110InsertAction">
        <GENERAL>
            <![CDATA[
			insert into gz110_order  (orderid,phone,type,nick,info,lng,lat,createdtime,address,chatbotid,status,annexjson,sourceType,sex)
			values ('{orderid}','{phone}','{type}','{nick}', '{info}', '{lng}', '{lat}', '{createdtime}', '{address}', '{chatbotid}',-1,'{annexjson}','{sourceType}','{sex}');
			]]>
        </GENERAL>
    </SQL>

    <SQL id="editGz110Mine" name="贵州110编辑">
        <GENERAL>
            <![CDATA[
			update rcs_t0_my_gz110 set name='{name}', age='{age}', phone='{phone}',identity='{identity}',address='{address}',contacts='{contacts}',contacts_phone='{contacts_phone}' where id='{id}';
			]]>
        </GENERAL>
    </SQL>
    <SQL id="queryPolicyData" name="贵州政策">
        <GENERAL>
            <![CDATA[
			select title,content from gzgy_policy_data where declareId='{id}' limit 1
			]]>
        </GENERAL>
    </SQL>
    <SQL id="submitCustomFormGzgr" afterUpdateBeanName="gzgrFormSubmitUpdateAfter" exceptionSqlId="updateCustomFormGzgr">
        <GENERAL>
            <![CDATA[
		insert into custom_form_submit(chatbotid,pageid,form_value,primary_value,from_query,pagetitle,submittext,formClass,csspath,id,submit_datetime,location)
        values ('{chatbotid}','{pageid}','{form_value}','{primary_value}','{query}','{pagetitle}','{submittext}','{formClass}','{csspath}','{formid}',now(),'{location}')
			]]>
        </GENERAL>
    </SQL>
    <SQL id="updateCustomFormGzgr" afterUpdateBeanName="gzgrFormSubmitUpdateAfter">
        <GENERAL>
            <![CDATA[
				update custom_form_submit set chatbotid='{chatbotid}',pageid='{pageid}',form_value='{form_value}',primary_value='{primary_value}',
				pagetitle='{pagetitle}',submittext='{submittext}',formClass='{formClass}',csspath='{csspath}',location='{location}',
				submit_datetime=now() where id='{formid}'
			]]>
        </GENERAL>
    </SQL>
    <SQL id="gzgrApply">
        <GENERAL>
            <![CDATA[
				select * from rcs_t0_gzgr_apply where id in (
				select max(id) id from rcs_t0_gzgr_apply where phone='{phone}' group by
				applyname,phone,label) /*and type='{type}'*/
			]]>
        </GENERAL>
    </SQL>
    <SQL id="addGzgrApply">
        <GENERAL>
            <![CDATA[
				insert into rcs_t0_gzgr_apply(applyname,phone,label,content,createtime,type,status) values('{applyname}','{phone}','{label}','{content}',now(),'{type}',0);
			]]>
        </GENERAL>
    </SQL>
</SQLS>