<?xml version="1.0" encoding="UTF-8"?>
<SQLS>
    <SQL id="queryTagsByIsp">
        <GENERAL>
            <![CDATA[
			SELECT tagsubType,tagId FROM `v_rcs_tags` WHERE isp = '{isp}'
			]]>
        </GENERAL>
    </SQL>
    <SQL id="queryEcList">
        <GENERAL>
            <![CDATA[
			select  distinct ecName,ecGrade,r.cspEcNo, t.tagsubType as businessType ,r.auditStatus,r.description,r.type,r.isp,
			 CASE r.isp WHEN 'telecom' THEN concat(ecName,'(电信)') when 'cucc' then concat(ecName,'(联通)')
	         when 'cmcc' then concat(ecName,'(移动)') ELSE concat(ecName,'(其它)') END as ispEcName from rcs_csp_ecinfo r
			left join v_rcs_tags t on t.tagId = r.businessType and r.isp=t.isp
			left join rcs_chatbotinfo t1 on r.isp=t1.isp and r.cspEcNo=t1.cspEcNo
			where 1=1 /* and (t1.chatbotid in ({ids}) or r.createuser='{phone}' )*/
			]]>
        </GENERAL>
    </SQL>
    <SQL id="queryConfigTags" name="查询消息已有标签">
        <GENERAL>
            <![CDATA[
			select t1.configid,t1.tagno,t2.tagsubtype,t2.isp,t2.tagid,t2.owner from rcs_config_tags_relation t1
			left join v_rcs_tags t2 on t1.tagno=t2.tagno where 1=1 /*and t1.configid='{configid}'*/
			]]>
        </GENERAL>
    </SQL>
    <SQL id="allotConfigTags" name="给消息分配标签">
        <GENERAL>
            <![CDATA[
			insert into rcs_config_tags_relation(configid, tagno, alloter, allottime) values ('{configid}', '{tagno}', '{alloter}', now());
			]]>
        </GENERAL>
    </SQL>
    <SQL id="delAllotConfigTags" name="删除消息分配标签">
        <GENERAL>
            <![CDATA[
			delete from rcs_config_tags_relation where configid='{configid}' and tagno='{tagno}'
			]]>
        </GENERAL>
    </SQL>
    <SQL id="queryConfigTagsByChatbotid" name="查询config标签">
        <GENERAL>
            <![CDATA[
			select distinct t1.tagtype type,t2.tagNo,t2.tagsubType,t3.tagsubtype tagType	from v_rcs_config_tags_relation t1
			left join rcs_config t4 on t1.configid=t4.configid
			left join v_rcs_tags t2 on t1.tagNo=t2.tagNo
			left join v_rcs_tags t3 on t2.tagtype=t3.tagId
			where t4.chatbotid='{0}'
			]]>
        </GENERAL>
    </SQL>
    <SQL id="queryTags" name="查询标签层级">
        <GENERAL>
            <![CDATA[
			select distinct case when t2.tagno is null then t1.tagno else t2.tagno end as tagno,
			t1.tagid parentid,t1.tagsubtype parenttype,t1.ISP,
			t2.tagid as tagid,t2.tagsubtype as tagsubtype,
			case when t3.tagid is null  then 0 else 1 end as hasChildren
			from v_rcs_tags t1
			left join v_rcs_tags t2 on t1.tagid=t2.tagtype and t1.ISP=t2.ISP
			left join v_rcs_tags t3 on t2.tagid=t3.tagtype and t2.ISP=t3.ISP
			left join rcs_company_grant t4 on (t1.tagid=t4.username or t2.tagid=t4.username)
			where 1=1 /*and (t1.isp='{isp}' or t1.isp='role' OR t1.isp = 'userCluster')*/ /*and t1.tagtype='{tagtype}'*/ /*and find_in_set('{owner}', t1.owner)*/
			/* and (t2.visibleChatbot is null or t2.visibleChatbot ='' or t2.visibleChatbot='{chatbotid}')*/
			]]>
        </GENERAL>
    </SQL>
    <SQL id="editTagsByTagId" name="编辑标签信息">
        <GENERAL>
            <![CDATA[
			update rcs_tags set updatetime=now(),editby='{editby}',tagtype='{tagtype}',tagsubType='{tagsubType}',owner='{owner}',ISP='{ISP}' where tagId='{tagId}'
			]]>
        </GENERAL>
    </SQL>
    <SQL id="insertTagsByTagId" name="添加标签信息">
        <GENERAL>
            <![CDATA[
			insert into rcs_tags(editby,updatetime,tagtype,tagsubType,ISP,tagId,owner,visibleChatbot) values('{editby}',now(),'{tagtype}','{tagsubType}','{ISP}','{tagId}','{owner}','{visibleChatbot}')
			]]>
        </GENERAL>
    </SQL>
    <SQL id="deleteTagsByTagId" name="删除标签信息">
        <GENERAL>
            <![CDATA[
			delete from rcs_tags where tagId='{0}';
			]]>
        </GENERAL>
    </SQL>
    <SQL id="getNextTagId" name="查询下一个tagid">
        <GENERAL>
            <![CDATA[
			select max(tagId+1) id from rcs_tags t
			]]>
        </GENERAL>
    </SQL>
    <SQL id="queryIndustry" name="查询行业类别">
        <GENERAL>
            <![CDATA[
			select tagsubType,tagId,ISP from v_rcs_tags where isp<>'system' and tagtype=-1
	        ]]>
        </GENERAL>
    </SQL>
</SQLS>