<?xml version="1.0" encoding="UTF-8"?>
<SQLS>
    <SQL id="deleteAction">
        <GENERAL>
            <![CDATA[
			delete from {actionTable} where suggestionid='{suggestionid}';
			delete from rcs_suggestion_tags where suggestionid='{suggestionid}' and suggestionType='{type}' and chatbotId = '{chatbotId}';
			]]>
        </GENERAL>
    </SQL>
    <SQL id="insertUrlAction">
        <GENERAL>
            <![CDATA[
			insert into rcs_urlaction(displaytext,url,application,viewmode,parameters,updatetime,editby,sugCssClassName)
			values ('{displayText}','{url}','{application}','{viewmode}','{parameters}',${sysdt},'sys','{sugCssClassName}');
			]]>
        </GENERAL>
        <MYSQL>
            <param id="sysdt" value="SYSDATE()"/>
        </MYSQL>
        <ORACLE>
            <param id="sysdt" value="sysdate"/>
        </ORACLE>
    </SQL>
    <SQL id="insertDialerAction">
        <GENERAL>
            <![CDATA[
			insert into rcs_dialeraction(displayText,dailType,phoneNumber,fallbackUrl,subject,updatetime,editby)
			values ('{displayText}','{dailType}','{phoneNumber}','{fallbackUrl}','{subject}',now(),'sys');
			]]>
        </GENERAL>
    </SQL>
    <SQL id="insertReply">
        <GENERAL>
            <![CDATA[
			insert into rcs_reply(displayText,data,updatetime,editby)
			values('{displayText}','{data}',now(),'sys');
			]]>
        </GENERAL>
    </SQL>
    <SQL id="insertMapAction">
        <GENERAL>
            <![CDATA[
			insert into rcs_mapaction(displayText,actionType,latitude,longitude,label,querytitle,querydesc,updatetime,editby)
   values('{displayText}','{actionType}','{latitude}','{longitude}','{label}','{querytitle}','{querydesc}',now(),'sys');
			]]>
        </GENERAL>
    </SQL>
    <SQL id="insertCalendarAction">
        <GENERAL>
            <![CDATA[
			insert into rcs_calendaraction (displayText,startTime,endTime,title,description,fallbackUrl,updatetime,editby)
			values ('{displayText}','{startTime}','{endTime}','{title}','{description}','{fallbackUrl}',now(),'sys');
			]]>
        </GENERAL>
    </SQL>
    <SQL id="insertComposeAction">
        <GENERAL>
            <![CDATA[
			insert into rcs_ComposeAction(displayText,actionType,phoneNumber,text,type,updatetime,editby)
			values('{displayText}','{actionType}','{phoneNumber}','{text}','{type}',now(),'sys');
			]]>
        </GENERAL>
    </SQL>


    <SQL id="editUrlAction">
        <GENERAL>
            <![CDATA[
			update rcs_urlaction set displaytext = '{displayText}',url='{url}',application='{application}',viewmode='{viewmode}',parameters='{parameters}',updatetime = now() ,editby = 'sys', sugcssclassname='{sugCssClassName}'
			where suggestionid = '{sid}'
			]]>
        </GENERAL>
    </SQL>
    <SQL id="editDialerAction">
        <GENERAL>
            <![CDATA[
			update rcs_dialeraction set displaytext = '{displayText}' ,dailType = '{dailType}',phoneNumber = '{phoneNumber}',fallbackUrl = '{fallbackUrl}',subject = '{subject}',updatetime = now() ,editby = 'sys'
			where suggestionid = '{sid}'
			]]>
        </GENERAL>
    </SQL>
    <SQL id="editReply">
        <GENERAL>
            <![CDATA[
			update rcs_reply set displayText = '{displayText}',data = '{data}',updatetime = now() ,editby = 'sys'
			where suggestionid = '{sid}'
			]]>
        </GENERAL>
    </SQL>
    <SQL id="editMapAction">
        <GENERAL>
            <![CDATA[
			update rcs_mapaction set displayText = '{displayText}',actionType='{actionType}',latitude='{latitude}',
			longitude='{longitude}',label='{label}',querytitle='{querytitle}',querydesc='{querydesc}',updatetime = now() ,editby = 'sys'
   				where suggestionid = '{sid}'
			]]>
        </GENERAL>
    </SQL>
    <SQL id="editCalendarAction">
        <GENERAL>
            <![CDATA[
			update rcs_calendaraction set displayText='{displayText}',startTime='{startTime}',endTime='{endTime}',title='{title}',description='{description}',fallbackUrl='{fallbackUrl}',updatetime = now() ,editby = 'sys'
			where suggestionid = '{sid}'
			]]>
        </GENERAL>
    </SQL>
    <SQL id="editComposeAction">
        <GENERAL>
            <![CDATA[
			update rcs_ComposeAction set displayText='{displayText}',actionType ='{actionType}',phoneNumber ='{phoneNumber}',text = '{text}',type = '{type}',updatetime = now() ,editby = 'sys'
			where suggestionid = '{sid}'
			]]>
        </GENERAL>
    </SQL>
    <SQL id="querySugTagRelation">
        <GENERAL>
            <![CDATA[
			select suggestionid,suggestionType from rcs_suggestion_tags  where relationName = '{relationName}' and chatbotId = '{chatbotId}'
			]]>
        </GENERAL>
    </SQL>

    <SQL id="delSugTagRelationBatch">
        <GENERAL>
            <![CDATA[
			delete from rcs_suggestion_tags  where  relationName = '{relationName}' and chatbotId = '{chatbotId}'
			]]>
        </GENERAL>
    </SQL>
    <SQL id="insertSuggestionTags">
        <GENERAL>
            <![CDATA[
			insert into rcs_suggestion_tags(suggestionid,suggestionType,relationName,display,chatbotId,actionRank) values(?,?,?,?,?,?);
			]]>
        </GENERAL>
    </SQL>
    <SQL id="querySuggestionTags">
        <GENERAL>
            <![CDATA[
			select relationName,display,min(orank) orank from (select relationName,display,case when relationRank is null then 9999 else relationRank end as orank from rcs_suggestion_tags where chatbotid in ({chatbotid})) t group by relationName,display order by orank asc;
			]]>
        </GENERAL>
    </SQL>
    <SQL id="querySuggestionTagsBySpname">
        <GENERAL>
            <![CDATA[
			select relationName,display,min(orank) orank from (select relationName,display,case when relationRank is null then 9999 else relationRank end as orank from rcs_suggestion_tags where chatbotid in (select chatbotid from rcs_chatbotinfo where spname = '{spname}')) t group by relationName,display order by orank asc;
			]]>
        </GENERAL>
    </SQL>
    <SQL id="querySuggestionsByTag">
        <GENERAL>
            <![CDATA[
			SELECT SUGGESTIONS,	SUGGESTIONID , '1' OPERATORTYPE FROM `V_RCS_SUGGESTIONS_ALL` WHERE RELATIONNAME = '{relationName}' AND CHATBOTID = '{chatbotid}'  ORDER BY ACTIONRANK ASC;
			]]>
        </GENERAL>
    </SQL>
    <SQL id="delRepetReply" name="删除重复的reply">
        <GENERAL>
            <![CDATA[
			delete from rcs_reply where suggestionid not in (
select min(suggestionid) suggestionid from (
select distinct t1.*,t2.chatbotid from rcs_reply t1 left join rcs_suggestion_tags t2 on t1.suggestionid= t2.suggestionid and t2.suggestionType='reply'
) t group by displayText,data
)
			]]>
        </GENERAL>
    </SQL>

    <SQL id="delRepetUrlaction" name="删除重复的urlaction">
        <GENERAL>
            <![CDATA[
			delete from rcs_urlaction where suggestionid not in (
select min(suggestionid) suggestionid from (
select distinct t1.*,t2.chatbotid from rcs_urlaction t1 left join rcs_suggestion_tags t2 on t1.suggestionid= t2.suggestionid and t2.suggestionType='urlAction'
) t group by displayText,url,application,viewMode,parameters
)
			]]>
        </GENERAL>
    </SQL>

    <SQL id="delRepetDialeraction" name="删除重复的dialeraction">
        <GENERAL>
            <![CDATA[
			delete from rcs_dialeraction where suggestionid not in (
select min(suggestionid) suggestionid from (
select distinct t1.*,t2.chatbotid from rcs_dialeraction t1 left join rcs_suggestion_tags t2 on t1.suggestionid= t2.suggestionid and t2.suggestionType='dialerAction'
) t group by displayText,dailType,phoneNumber,fallbackurl,subject
)
			]]>
        </GENERAL>
    </SQL>

    <SQL id="delRepetMapaction" name="删除重复的mapaction">
        <GENERAL>
            <![CDATA[
			delete from rcs_mapaction where suggestionid not in (
select min(suggestionid) suggestionid from (
select distinct t1.*,t2.chatbotid from rcs_mapaction t1 left join rcs_suggestion_tags t2 on t1.suggestionid= t2.suggestionid and t2.suggestionType='dialerAction'
) t group by displayText,actionType,latitude,longitude,label,querytitle,querydesc
)
			]]>
        </GENERAL>
    </SQL>

    <SQL id="delRepetCalendaraction" name="删除重复的calendarAction">
        <GENERAL>
            <![CDATA[
			delete from rcs_calendaraction where suggestionid not in (
select min(suggestionid) suggestionid from (
select distinct t1.*,t2.chatbotid from rcs_calendaraction t1 left join rcs_suggestion_tags t2 on t1.suggestionid= t2.suggestionid and t2.suggestionType='calendarAction'
) t group by displayText,startTime,endTime,title,description,fallbackUrl
)
			]]>
        </GENERAL>
    </SQL>

    <SQL id="delRepetComposeaction" name="删除重复的composeAction">
        <GENERAL>
            <![CDATA[
			delete from rcs_composeaction where suggestionid not in (
select min(suggestionid) suggestionid from (
select distinct t1.*,t2.chatbotid from rcs_composeaction t1 left join rcs_suggestion_tags t2 on t1.suggestionid= t2.suggestionid and t2.suggestionType='composeAction'
) t group by displayText,actionType,phoneNumber,text,type
)
			]]>
        </GENERAL>
    </SQL>

    <SQL id="delRepetSuggestionTags" name="删除重复的tags">
        <GENERAL>
            <![CDATA[
delete from rcs_suggestion_tags where composeid not in (
select composeid from (
select min(composeid) composeid,min(suggestionid) suggestionid,suggestionType,relationName,chatbotId,display from rcs_suggestion_tags group by suggestionType,relationName,chatbotId,display
) t1
)
			]]>
        </GENERAL>
    </SQL>
    <SQL id="delRepetSuggestionTags" name="删除重复的tags">
        <GENERAL>
            <![CDATA[
			delete from rcs_suggestion_tags where composeid in (
select composeid from (
select t1.* from rcs_suggestion_tags t1 left join (
select suggestionid,'reply' type from rcs_reply union all
select suggestionid,'urlAction' type from rcs_urlaction union all
select suggestionid,'dialerAction' type from rcs_dialeraction union all
select suggestionid,'mapAction' type from rcs_mapaction union all
select suggestionid,'calendarAction' type from rcs_calendaraction union all
select suggestionid,'composeAction' type from rcs_composeaction
) t2 on t1.suggestionid=t2.suggestionid and t1.suggestionType=t2.type where t2.type is null
) t
);
		]]>
        </GENERAL>
    </SQL>
    <SQL id="updateSuggestionTagsRank">
        <GENERAL>
            <![CDATA[
				update rcs_suggestion_tags set actionRank={0} where chatbotId='{1}' and suggestionType='{2}' and (display='{3}' or relationName='{4}') and suggestionid={5}
			]]>
        </GENERAL>
    </SQL>
    <SQL id="querySuggestionsBychatbot">
        <GENERAL>
            <![CDATA[
			SELECT DISTINCT SUGGESTIONS,	SUGGESTIONID  FROM `V_RCS_SUGGESTIONS_ALL` WHERE  CHATBOTID = '{chatbotId}'
			]]>
        </GENERAL>
    </SQL>
    <SQL id="countSuggestionTag" name="建议标签数量">
        <GENERAL>
            <![CDATA[
			SELECT count(DISTINCT relationName) as count FROM v_rcs_suggestions_all WHERE 1 =1 /* and chatbotId in ({chatbotId}) */
			]]>
        </GENERAL>
    </SQL>
    <SQL id="querySugTag" name="标签库管理">
        <GENERAL>
            <![CDATA[
            select DISTINCT t1.relationName, t1.chatbotid,
            case when mm.chatbotId = t1.chatbotid then 0 else 1 end as canbedel, t2.chatbotname from rcs_suggestion_tags t1
            LEFT JOIN rcs_chatbotinfo t2 on t1.chatbotId = t2.chatbotid
            LEFT JOIN (
                select distinct t.chatbotid, t.relationName from
                (
                select m2.chatbotid, m2.relationName
                from rcs_config_msg_sgid m1 inner JOIN rcs_suggestion_tags m2 on m1.cId = m2.chatbotId and m1.suggestiontag  = m2.relationName
                union all
                select m4.chatbotid, m4.relationName
                from rcs_msg_sug_compose m3 inner JOIN rcs_suggestion_tags m4 on m3.cId = m4.chatbotId and  m3.suggestiontag  = m4.relationName
                ) as t
            )as mm  on t1.chatbotId = mm.chatbotId and t1.relationName = mm.relationName where t1.chatbotId in ({chatbotId})
			]]>
        </GENERAL>
    </SQL>
    <SQL id="querySugByTagCb" name="标签库管理">
        <GENERAL>
            <![CDATA[
			SELECT suggestions ,chatbotid,relationName,suggestionid from v_rcs_suggestions_all
			WHERE relationName = '{relationName}' /* and chatbotId = '{chatbotId}' */
			]]>
        </GENERAL>
    </SQL>
</SQLS>