<?xml version="1.0" encoding="UTF-8"?>
<SQLS>
    <SQL id="queryDictItems" name="查询字典">
        <GENERAL>
            <![CDATA[
			select * from rcs_dict_item where status = 1 /*and groupId = '{groupId}'*/ /*and dictId='{dictId}'*/
			]]>
        </GENERAL>
    </SQL>
    <SQL id="queryCompanyInfoByPhone" name="根据企业联系人查询企业相关信息">
        <GENERAL>
            <![CDATA[
			select * from gzcqa_company_info where status=1 /* and linkPhone = '{linkPhone}'*/
			]]>
        </GENERAL>
    </SQL>
    <SQL id="queryQuestionDepartments" name="查询所有部门">
        <GENERAL>
            <![CDATA[
			select department from gzcqa_question_depart where status=1
			]]>
        </GENERAL>
    </SQL>
    <SQL id="gzcqa-addQuestion" name="新增问题上报">
        <GENERAL>
            <![CDATA[
			INSERT INTO gzcqa_question_work(workId, categoryId,problemDesc,companyId,workStatus,createDate, detailId, chatbotid) VALUES('{workId}','{categoryId}','{problemDesc}','{companyId}',0,NOW(),'{detailId}', '{chatbotid}');
			]]>
        </GENERAL>
    </SQL>
    <SQL id="gzcqa-listQuestions" name="查询问题上报列表">
        <GENERAL>
            <![CDATA[
			SELECT * FROM
                (
                SELECT qw.workId,qw.problemDesc,qw.detailId,qw.createDate,qw.workStatus,ci.companyName,ci.companyType,ci.linkMan,ci.linkPhone,ci.chargeMan,ci.chargePhone,qw.chatbotid
                FROM
                    gzcqa_question_work qw
                    JOIN gzcqa_company_info ci ON qw.companyId = ci.companyId
                    AND ((ci.chargePhone = '{phone}' and 'gycfjGovUnderwriter'='{userName}' ) or (ci.linkPhone = '{phone}' and 'gycfjCompanyUser'='{userName}'))
                UNION ALL
                SELECT qw.workId,qw.problemDesc,qw.detailId,qw.createDate,qw.workStatus,ci.companyName,ci.companyType,ci.linkMan,ci.linkPhone,ci.chargeMan,ci.chargePhone,qw.chatbotid
                FROM
                    gzcqa_question_work qw
                    JOIN gzcqa_company_info ci ON qw.companyId = ci.companyId
                    JOIN gzcqa_question_depart qd ON qw.department = qd.department
                    AND qd.chargeManPhone = '{phone}' and 'gycfjGovUser'='{userName}'
                ) TMP
            WHERE 1 = 1
                /*and tmp.workStatus = '{workStatus}'*/
            ORDER BY
                tmp.createDate DESC
			]]>
        </GENERAL>
    </SQL>
    <SQL id="gzcqa-delayQuestions" name="申请延期">
        <GENERAL>
            <![CDATA[
			update gzcqa_question_work_detail set deadTime = DATE_ADD(deadTime,interval {delayDay} day), isDelay=1,delayReason='{delayReason}',delayMan='{delayMan}',delayManPhone='{delayManPhone}' where workId='{workId}' and detailId='{detailId}' and (isDelay is null or isDelay !=1)
			]]>
        </GENERAL>
    </SQL>
    <SQL id="gzcqa-dealQuestionsEval" name="用户评价">
        <GENERAL>
            <![CDATA[
            update gzcqa_question_work_detail set dealTime=now(),evaluateScore='{evaluateScore}',dealMsg='{dealMsg}',status=1 where workId='{workId}' and detailId='{detailId}'
			]]>
        </GENERAL>
    </SQL>
    <SQL id="gzcqa-addQuestionsDealDeatil" name="记录每阶段问题处理明细">
        <GENERAL>
            <![CDATA[
            insert into gzcqa_question_work_detail(detailId,workId, inTime,type, deadTime,`status`,forward, curTime) values('{detailId}', '{workId}', now(), '{type}',DATE_ADD(now(),interval 3 day),0,'{forward}','{curTime}');
			]]>
        </GENERAL>
    </SQL>
    <SQL id="gzcqa-initDealQuestions" name="初步处理">
        <GENERAL>
            <![CDATA[
            update gzcqa_question_work_detail set dealTime=now(),forward='{forward}',dealMsg='{dealMsg}',status=1 where workId='{workId}' and detailId='{detailId}'
			]]>
        </GENERAL>
    </SQL>
    <SQL id="gzcqa-departDealQuestions" name="部门处理">
        <GENERAL>
            <![CDATA[
            update gzcqa_question_work_detail set dealTime=now()/*,dealMsg='{dealMsg}'*//*,isCharge={isCharge}*/,dealMan='{dealMan}',dealManPhone='{dealManPhone}',status=1 where workId='{workId}' and detailId='{detailId}'
			]]>
        </GENERAL>
    </SQL>
    <SQL id="gzcqa-updateWork" name="更新工单">
        <GENERAL>
            <![CDATA[
            update gzcqa_question_work set workId='{workId}' /*,categoryId='{categoryId}'*/ /*,workStatus='{workStatus}'*//*,detailId='{detailId}'*//*,department='{department}'*/ where workId='{workId}'
			]]>
        </GENERAL>
    </SQL>
    <SQL id="gzcqa-listQuestionDetails" name="查询工单明细">
        <GENERAL>
            <![CDATA[
			SELECT ci.companyName,( SELECT dictName FROM rcs_dict_item WHERE groupId = 'gzcqaCategory' AND dictId = qw.categoryId ) categoryName,ci.linkMan,ci.linkPhone,'' address,ci.chargeMan,ci.chargePhone,
                qw.problemDesc,qwd.type,qwd.dealMsg,qwd.evaluateScore,qwd.delayMan,qwd.delayManPhone,qwd.isCharge,qwd.isDelay,qwd.delayReason,${fmtDeadTime} deadTime,${fmtDealTime} dealTime, ${fmtInTime} inTime,qwd.status,qw.workStatus,qwd.forward,qwd.curTime
            FROM
                gzcqa_question_work qw
                JOIN gzcqa_company_info ci ON qw.companyId = ci.companyId
                AND qw.workId = '{workId}'
                JOIN gzcqa_question_work_detail qwd ON qw.workId = qwd.workId AND qwd.curTime >= (SELECT ifnull(max(curTime) - 1, 0) from gzcqa_question_work_detail where workId = '{workId}')
                /*AND qwd.detailId = '{detailId}'*/
            ORDER BY
                qwd.detailId asc
			]]>
        </GENERAL>
        <MYSQL>
            <param id="fmtInTime" value="DATE_FORMAT( qwd.inTime,'%Y-%m-%d %H:%i:%s')"/>
            <param id="fmtDealTime" value="DATE_FORMAT( qwd.dealTime,'%Y-%m-%d %H:%i:%s')"/>
            <param id="fmtDeadTime" value="DATE_FORMAT( qwd.deadTime,'%Y-%m-%d %H:%i:%s')"/>
        </MYSQL>
        <ORACLE>
            <param id="fmtInTime" value="to_char(qwd.inTime,'yyyy-mm-dd hh24:mi:ss')"/>
            <param id="fmtDealTime" value="to_char(qwd.dealTime,'yyyy-mm-dd hh24:mi:ss')"/>
            <param id="fmtDeadTime" value="to_char(qwd.deadTime,'yyyy-mm-dd hh24:mi:ss')"/>
        </ORACLE>
    </SQL>
    <SQL id="getsidByOrderid" name="">
        <GENERAL>
            <![CDATA[
            select sid from gz110_sessions where orderid='{orderid}' and skillGroup='{userName}' order by createdtime desc limit 1
			]]>
        </GENERAL>
    </SQL>
</SQLS>