<?xml version="1.0" encoding="UTF-8"?>
<SQLS>
    <SQL id="insertMedias">
        <GENERAL>
            <![CDATA[
			insert into rcs_msg(description,title,mediaContentType,thumbnailContentType,mediaUrl,thumbnailUrl,updatetime,params,isTemplate,templateName,isShowH5,source_tablename,cId) values (?,?,?,?,?,?,?,?,?,?,?,?,?);
			]]>
        </GENERAL>
    </SQL>
    <SQL id="deleteMedias">
        <GENERAL>
            <![CDATA[
			delete from rcs_medias where mediaid='{mediaid}'
			]]>
        </GENERAL>
    </SQL>
    <SQL id="insertUploadMedias">
        <GENERAL>
            <![CDATA[
			insert into rcs_medias(mediaUrl,status,mediaContentType,thumbnailUrl,contentLocalPath,interviewId,tid,thumbnailContentType,thumbnailLocalPath,filename,expriedTime,authStatus,createdDate,chatbotid,mediaSize) values(?,?,?,?,?,?,?,?,?,?,?,?,?,?,?)
			]]>
        </GENERAL>
    </SQL>
    <SQL id="updateUploadMedias">
        <GENERAL>
            <![CDATA[
			update rcs_medias set mediaUrl=?,status=?,mediaContentType=?,thumbnailUrl=?,interviewId=?,tid=?,thumbnailContentType=?,expriedTime=?,authStatus=?,mediaSize=?, thumbnailSize=?,updateDate=?,authDate=?,errorCode=?,errorDesc=?,chatbotMediaUrl=?,chatbotThumbnailUrl=? where mediaID=?
			]]>
        </GENERAL>
    </SQL>
    <SQL id="queryMediaInfoByTid">
        <GENERAL>
            <![CDATA[
			select * from rcs_medias WHERE tid=?
			]]>
        </GENERAL>
    </SQL>
    <SQL id="queryMediaInfoByMediaID">
        <GENERAL>
            <![CDATA[
			select * from rcs_medias WHERE mediaID=?
			]]>
        </GENERAL>
    </SQL>
    <SQL id="queryMediaInfoByUrl">
        <GENERAL>
            <![CDATA[
			select * from rcs_medias WHERE chatbotMediaUrl=? or chatbotThumbnailUrl=?
			]]>
        </GENERAL>
    </SQL>

    <SQL id="queryAvaMedias">
        <GENERAL>
            <![CDATA[
			select mediaid,mediaurl,mediacontenttype,thumbnailurl,thumbnailcontenttype,filename,mediaSize,thumbnailSize,status,
			case when status=0 or status=2 then 1 else authStatus end as authStatus,
			case when expriedTime is null or expriedTime < '2021-01-01' then '-' else expriedTime end as expriedTime
			from rcs_medias where 1=1 /*and chatbotid='{chatbotid}'*//* and mediaid in ({mediaid})*/ order by 1 desc
			]]>
        </GENERAL>
    </SQL>
    <SQL id="queryAvaMediasCount">
        <GENERAL>
            <![CDATA[
			select count(1) as count from rcs_medias where 1=1 /*and chatbotid='{chatbotid}'*//* and mediaid in ({mediaid})*/;
			]]>
        </GENERAL>
    </SQL>
    <SQL id="synchronizedMedias2MNO" name="同步媒体至运营商渠道">
        <GENERAL>
            <![CDATA[
			SELECT t1.* FROM (
SELECT
	b.mediaUrl,
	'' thumbnailUrl,
	b.chatbotid,
	b.contentLocalPath,
	b.thumbnailLocalPath,
	b.mediaContentType,
	b.thumbnailContentType,
	fileName,
	mediaID,
	`status`
  FROM
	rcs_msg_template_params a
	LEFT JOIN rcs_medias b ON a.params LIKE CONCAT( '%', b.mediaUrl, '%' )
  WHERE
	b.contentLocalPath IS NOT NULL
	AND ( `status` = 0 OR `status` IS NULL )
UNION
SELECT
	a.*,
	b.chatbotid,
	b.contentLocalPath,
	b.thumbnailLocalPath,
	b.mediaContentType,
	b.thumbnailContentType,
	fileName,
	mediaID,
	`status`
  FROM
	( SELECT mediaUrl, thumbnailUrl FROM rcs_msg WHERE mediaUrl IS NOT NULL AND thumbnailUrl IS NOT NULL ) a
	LEFT JOIN rcs_medias b ON a.mediaUrl = b.mediaUrl
	AND a.thumbnailUrl = b.thumbnailUrl
  WHERE
	b.contentLocalPath IS NOT NULL
	AND ( `status` = 0 OR `status` IS NULL )
UNION
	SELECT
	mediaUrl,
	thumbnailurl,
	chatbotid,
	contentLocalPath,
	thumbnailLocalPath,
	mediaContentType,
	thumbnailContentType,
	fileName,
	mediaID,
	`status`
FROM
	rcs_medias
WHERE
	((STATUS = 3 AND expriedTime <  DATE_SUB(CURDATE(), INTERVAL 1 DAY)) OR (status = 0 OR status IS NULL))
	AND (contentLocalPath IS NOT NULL OR mediaUrl IS NOT NULL)
) t1
WHERE chatbotid IN (SELECT chatbotid FROM rcs_chatbotinfo WHERE `enable`='1' AND auditStatus='1')
	     ]]>
        </GENERAL>
    </SQL>
    <SQL id="MediasQuery" name="查询媒体资源">
        <GENERAL>
            <![CDATA[
			select  * from rcs_medias b where `status` =3 and authStatus=0 and mediaUrl='{0}'
	        ]]>
        </GENERAL>
    </SQL>
    <SQL id="updateMediasByChatBotMediaUrl" name="更新媒体资源的url">
        <GENERAL>
            <![CDATA[
            update rcs_medias
            set
                /* chatbotMediaUrl='{chatbotMediaUrl}', */
                /* mediaContentType = '{mediaContentType}', */
                /* chatbotThumbnailUrl='{chatbotThumbnailUrl}', */
                /* thumbnailContentType='{thumbnailContentType}', */
                authStatus= {authStatus},
                errorCode='{errorCode}',
                errorDesc='{errorDesc}',
                authDate=${sysdt},
                /* status = {status}, */
                expriedTime = '{expiredTime}'
            where mediaID = {mediaID};
	        ]]>
        </GENERAL>
        <MYSQL>
            <param id="sysdt" value="SYSDATE()"/>
        </MYSQL>
        <ORACLE>
            <param id="sysdt" value="sysdate"/>
        </ORACLE>
    </SQL>
    <SQL id="updateMediasStatus" name="更新媒体资源的状态">
        <GENERAL>
            <![CDATA[
                update rcs_medias set status = {status} where mediaID = {mediaID};
	        ]]>
        </GENERAL>
    </SQL>
</SQLS>