<?xml version="1.0" encoding="UTF-8"?>
<SQLS>
    <SQL id="queryLastInsertId">
        <GENERAL>
            <![CDATA[
			SELECT LAST_INSERT_ID() AS LASTID;
			]]>
        </GENERAL>
    </SQL>
    <SQL id="loadconfig" name="加载配置信息">
        <GENERAL>
            <![CDATA[
            	  SELECT
	a.keywords,
	a.type,
	a.configid,
	a.chatbotId,
	a.updatetime,
	a.editby,
	a.msg,
	a.msgsuggestions,
	a.params,
	a.allsuggestions as  suggestions,
	a.clickAction as clickAction,
	a.msgid,
	a.suggestionid,
	a.allsuggestionsid,
	a.suggestiontype,
	a.allsuggestiontype,
	a.aistepid,
	`a`.`alignment` AS `alignment`,
	`a`.`direction` AS `direction`,
	`a`.`cardwidth` AS `cardwidth`,
	`a`.`cardheight` AS `cardheight`,
	a.templateName,
	a.msgconfigid,
	isTemplate,
	b.chatbotname,
	b.secretkey,
	b.terminalType,
	b.ability,
	b.version,
	b.chatbotIdenty,
	b.msgSendUrl,
	b.msgwithdrawUrl,
	b.spName,
	b.msgNotifyUrl,
	b.useAi ,
	b.serverIcon,
	b.qrcode,
	allrelationName,
	relationName,
	isfuzzy,
	isshowH5,
	isShowMenu,
	smssupported,
	storeSupported,
	smsContent,
	smsH5support,
	case when msgRank is null or msgRank='' or msgRank < 0 then 9999 else msgRank end as msgRank,
	case when relationRank is null or relationRank='' or relationRank<0 then 9999 else relationRank end as relationRank,
	case when actionRank is null or actionRank='' or actionRank<0 then 9999 else actionRank end as actionRank,
	source_tablename,
	source_keywordField,
	source_paramSql,
	ifnull(configCssClassName, '') configCssClassName,
	ifnull(sugCssClassName, '') sugCssClassName,
	a.cssStyleId
FROM
	v_rcs_config_java a
	LEFT JOIN rcs_chatbotinfo b ON a.chatbotId = b.chatbotId
	order by chatbotId,keywords,configid,msgRank,relationRank,actionRank,msgActionRank
  		    ]]>
        </GENERAL>
        <!--
        <MYSQL>
            <param id="levelsorderby" value="CAST(C.LEVELS as  SIGNED)"></param>
            <param id="lang" value="/*{lang}*/"/>
            <param id="ugid" value="/*{ugid}*/"/>
        </MYSQL>
        <ORACLE>
            <param id="levelsorderby" value="to_number(C.LEVELS)"></param>
            <param id="lang" value="/*{lang}*/"/>
            <param id="ugid" value="/*{ugid}*/"/>
        </ORACLE>
         -->
    </SQL>
    <SQL id="loadChatbotinfos" name="加载chatbot">
        <GENERAL>
            <![CDATA[
		select * from rcs_chatbotinfo
		]]>
        </GENERAL>
    </SQL>
    <SQL id="queryChatbotMenus" name="加载chatbot菜单">
        <GENERAL>
            <![CDATA[
		SELECT menuid,parentid,suggestionid,suggestiontype,suggestions,menutexttype FROM v_rcs_bot_menus WHERE chatbotid=? and (username is null or username='')  ORDER BY menurank,menuid
		]]>
        </GENERAL>
    </SQL>
    <SQL id="queryChatbotMenusByusername" name="加载chatbot菜单通过设定username">
        <GENERAL>
            <![CDATA[
                SELECT menuid,parentid,suggestionid,suggestiontype,suggestions,menutexttype FROM v_rcs_bot_menus WHERE chatbotid=? and username=?  ORDER BY menurank,menuid
            ]]>
        </GENERAL>
    </SQL>
    <SQL id="addChatbotMenus" name="插入chatbot菜单">
        <GENERAL>
            <![CDATA[
		INSERT INTO rcs_bot_menus(chatbotid,menuid,parentid,suggestionid,suggestiontype,menutext,menurank,menutexttype) VALUES(?,?,?,?,?,?,?,?)
		]]>
        </GENERAL>
    </SQL>
    <SQL id="addChatbotMenusByusername" name="插入chatbot菜单通过设定username">
        <GENERAL>
            <![CDATA[
		INSERT INTO rcs_bot_menus(chatbotid,menuid,parentid,suggestionid,suggestiontype,menutext,menurank,menutexttype,username) VALUES(?,?,?,?,?,?,?,?,?)
		]]>
        </GENERAL>
    </SQL>
    <SQL id="deleteChatbotMenusByusername" name="删除chatbot菜单">
        <GENERAL>
            <![CDATA[
		DELETE FROM rcs_bot_menus WHERE chatbotid=? and IFNULL(username,'')=?
		]]>
        </GENERAL>
    </SQL>
    <SQL id="deleteChatbotMenus" name="删除chatbot菜单">
        <GENERAL>
            <![CDATA[
		DELETE FROM rcs_bot_menus WHERE chatbotid=?
		]]>
        </GENERAL>
    </SQL>
    <SQL id="queryChatbot">
        <GENERAL>
            <![CDATA[
			select spname id,chatbotname name ,chatbotId cid,chatbotIdenty chatbotIdenty from rcs_chatbotinfo;
			]]>
        </GENERAL>
    </SQL>
    <SQL id="updatechatbotaudit">
        <GENERAL>
            <![CDATA[
	update rcs_chatbotinfo set auditStatus='{auditStatus}', enable = '{enable}', description='{description}'   where accessTagNo='{auditNo}'
]]>
        </GENERAL>
    </SQL>

    <SQL id="deleteorofflinechatbot">
        <GENERAL>
            <![CDATA[
	update rcs_chatbotinfo set Optype='{type}' , enable='{type}', auditStatus = '{auditStatus}'  where accessTagNo='{accessTagNo}'
]]>
        </GENERAL>
    </SQL>

    <SQL id="updateOnlineStatusChatbot">
        <GENERAL>
            <![CDATA[
	update rcs_chatbotinfo set Optype='{type}' , enable='{enable}' where accessTagNo='{accessTagNo}'
]]>
        </GENERAL>
    </SQL>


    <SQL id="insertintochatbotinfo">
        <GENERAL>
            <![CDATA[
	INSERT INTO `rcs_chatbotinfo` (
`chatbotid`,
`chatbotname`,
`terminalType`,
`ability`,
`version`,
`chatbotIdenty`,
`msgSendUrl`,
`msgwithdrawUrl`,
`serverIcon`,
`updatetime`,
`enable`,
`spName`,
`msgNotifyUrl`,
`useAi`,
`cspEcNo`,
`cspId`,
`serviceDescription`,
`autograph`,
`category`,
`provider`,
`showProvider`,
`TCPage`,
`emailAddress`,
`serviceWebsite`,
`callBackNumber`,
`address`,
`longitude`,
`latitude`,
`ipWhiteList`,
`accessTagNo`,
`Optype`,
`secretkey`,
`agreement`,
`qrcode`,
`isp`,
`appid`,
`smsAccount`,
`smsPassword`,
`smsPrefix`,
`comefrom`,
`enableKF`,
`defaultSkillGroup`,
`kfSuffix`,
`auditStatus`
)
VALUES
	(
	'{chatbotId}',
	'{serviceName}',
	'Chatbot',
	'ChatbotSA',
	'+g.gsma.rcs.botversion=\"#=2\"',
	'{chatbotIdenty}',
	'http://121.37.229.90:80/openchatbot/v1',
	'http://121.37.229.90:80/messaging/v1',
	'{serviceIcon}',
	now(),
	'0',
	'{chatbotId}',
	'{msgNotifyUrl}',
	'{useAi}',
	'{cspEcNo}',
	'{cspId}',
	'{serviceDescription}',
	'{autograph}',
	'{categoryold}',
	'{provider}',
	'{showProvider}',
	'{TCPage}',
	'{emailAddress}',
	'{serviceWebsite}',
	'{callBackNumber}',
	'{address}',
	'{longitude}',
	'{latitude}',
	'{ipWhiteListold}',
	'{accessTagNo}',
	'{type}',
	'{secretkey}',
	'{agreement}',
	'{qrcode}',
	'{isp}',
	'{appid}',
	'{smsAccount}',
'{smsPassword}',
'{smsPrefix}',
'{comefrom}',
'{enableKF}',
'{defaultSkillGroup}',
'{kfSuffix}',
'{auditStatus}'
	);
]]>
        </GENERAL>
    </SQL>
    <SQL id="updatechatbotinfo">
        <GENERAL>
            <![CDATA[
	 update `rcs_chatbotinfo`
set
`chatbotname`='{serviceName}',
`terminalType`='Chatbot',
`ability`='ChatbotSA',
`version`='+g.gsma.rcs.botversion=\"#=2\"',
`chatbotIdenty`='{chatbotIdenty}',
`msgSendUrl`='http://121.37.229.90:80/openchatbot/v1',
`msgwithdrawUrl`='http://121.37.229.90:80/messaging/v1',
`serverIcon`='{serviceIcon}',
`updatetime`= now(),
`spName`='{spName}',
`msgNotifyUrl`='{msgNotifyUrl}',
`useAi`='{useAi}',
`cspEcNo`='{cspEcNo}',
`cspId`='{cspId}',
`serviceDescription`='{serviceDescription}',
`autograph`='{autograph}',
`category`='{categoryold}',
`provider`='{provider}',
`showProvider`='{showProvider}',
`TCPage`='{TCPage}',
`emailAddress`='{emailAddress}',
`serviceWebsite`='{serviceWebsite}',
`callBackNumber`='{callBackNumber}',
`address`='{address}',
`longitude`='{longitude}',
`latitude`='{latitude}',
`ipWhiteList`='{ipWhiteListold}',
`Optype` ='{type}',
`secretkey` ='{secretkey}',
`agreement` ='{agreement}',
`qrcode` ='{qrcode}',
`appid` = '{appid}',
`smsAccount` = '{smsAccount}',
`smsPassword` = '{smsPassword}',
`smsPrefix` = '{smsPrefix}',
`enableKF` = '{enableKF}',
`defaultSkillGroup` = '{defaultSkillGroup}',
`kfSuffix` = '{kfSuffix}',
`auditStatus` = '{auditStatus}'
 where
	`accessTagNo`='{accessTagNo}'
]]>
        </GENERAL>
    </SQL>

    <SQL id="updateChatBotByChatbotId">
        <GENERAL>
            <![CDATA[
	 update `rcs_chatbotinfo`
set
`chatbotname`='{serviceName}',
`terminalType`='Chatbot',
`ability`='ChatbotSA',
`version`='+g.gsma.rcs.botversion=\"#=2\"',
`chatbotIdenty`='{chatbotIdenty}',
`msgSendUrl`='http://121.37.229.90:80/openchatbot/v1',
`msgwithdrawUrl`='http://121.37.229.90:80/messaging/v1',
`serverIcon`='{serviceIcon}',
`updatetime`= now(),
`spName`='{spName}',
`msgNotifyUrl`='{msgNotifyUrl}',
`useAi`='{useAi}',
`cspEcNo`='{cspEcNo}',
`cspId`='{cspId}',
`serviceDescription`='{serviceDescription}',
`autograph`='{autograph}',
`category`='{categoryold}',
`provider`='{provider}',
`showProvider`='{showProvider}',
`TCPage`='{TCPage}',
`emailAddress`='{emailAddress}',
`serviceWebsite`='{serviceWebsite}',
`callBackNumber`='{callBackNumber}',
`address`='{address}',
`longitude`='{longitude}',
`latitude`='{latitude}',
`ipWhiteList`='{ipWhiteListold}',
`Optype` ='{type}',
`secretkey` ='{secretkey}',
`agreement` ='{agreement}',
`qrcode` ='{qrcode}',
`appid` = '{appid}',
`smsAccount` = '{smsAccount}',
`smsPassword` = '{smsPassword}',
`smsPrefix` = '{smsPrefix}',
`enableKF` = '{enableKF}',
`defaultSkillGroup` = '{defaultSkillGroup}',
`kfSuffix` = '{kfSuffix}',
`accessTagNo` = '{accessTagNo}',
`auditStatus` = '{auditStatus}'
 where
	`chatbotid`='{chatbotId}'
]]>
        </GENERAL>
    </SQL>

    <SQL id="optionalsChatbot">
        <GENERAL>
            <![CDATA[
	 update `rcs_chatbotinfo`
set
`serviceDescription`='{serviceDescription}',
`category`='{category}',
`callBackNumber`='{callBackNumber}',
`provider`='{provider}',
`longitude`='{longitude}',
`latitude`='{latitude}',
`themeColour`='{themeColour}',
`serviceWebsite`='{serviceWebsite}',
`emailAddress`= '{emailAddress}',
`backgroundImage`='{backgroundImage}',
`address`='{address}',
`cssStyle`='{cssStyle}'
 where
	`accessTagNo`='{accessTagNo}'
]]>
        </GENERAL>
    </SQL>

    <SQL id="updatechatbotdeveloperinfo">
        <GENERAL>
            <![CDATA[
	update rcs_chatbotinfo set
	    `appid`='{appId}',
	    `secretkey`='{appkey}',
	    `auditStatus`='{auditStatus}',
	    `msgNotifyUrl`='{msgNotifyUrl}',
	    `token`='{token}',
	    `agreement`= '{agreement}'
	  where
	    `accessTagNo`='{accessTagNo}'
]]>
        </GENERAL>
    </SQL>
    <SQL id="selectchatbotinfo">
        <GENERAL>
            <![CDATA[
	select `chatbotid`  AS "chatbotId",
`chatbotname`  AS "provider",
`serverIcon`  AS "serverIcon",
`updatetime`  AS "updatetime",
`spName`  AS "accessTagNo",
`msgNotifyUrl`  AS 'msgNotifyUrl',
`useAi`  AS "useAi",
`cspEcNo`  AS "cspEcNo",
`cspId`  AS "cspId",
`serviceDescription`  AS "serviceDescription",
`autograph`  AS "autograph",
`category`  AS "category",
`provider`  AS "provider",
`showProvider`  AS "showProvider",
`TCPage`  AS "TCPage",
`emailAddress`  AS "emailAddress",
`serviceWebsite`  AS "serviceWebsite",
`callBackNumber`  AS "callBackNumber",
`address`  AS "address",
`longitude`  AS "longitude",
`latitude`  AS "latitude",
`ipWhiteList`  AS "ipWhiteList",
`Optype`   AS "type",
	`accessTagNo`  AS "accessTagNo",
	`appid` as "appid",
	`smsAccount` as "smsAccount}",
`smsPassword` as "smsPassword",
`smsPrefix` as "smsPrefix",
`comefrom` as "comefrom"
	from
rcs_chatbotinfo
]]>
        </GENERAL>
    </SQL>
    <SQL id="selectchatbotinfoById">
        <GENERAL>
            <![CDATA[
	select `chatbotid`  AS "chatbotId",
`chatbotname`  AS "serviceName",
`serverIcon`  AS "serviceIcon",
`updatetime`  AS "updatetime",
`spName`  AS "spName",
`msgNotifyUrl`  AS 'msgNotifyUrl',
`useAi`  AS "useAi",
`cspEcNo`  AS "cspEcNo",
`cspId`  AS "cspId",
`serviceDescription`  AS "serviceDescription",
`autograph`  AS "autograph",
`category`  AS "category",
`provider`  AS "provider",
`showProvider`  AS "showProvider",
`TCPage`  AS "TCPage",
`emailAddress`  AS "emailAddress",
`serviceWebsite`  AS "serviceWebsite",
`callBackNumber`  AS "callBackNumber",
`address`  AS "address",
`longitude`  AS "longitude",
`latitude`  AS "latitude",
`ipWhiteList`  AS "ipWhiteList",
`Optype`   AS "type",
`secretkey`   AS "secretkey",
`agreement`   AS "agreement",
`qrcode`   AS "qrcode",
	`accessTagNo`  AS "accessTagNo",
	`chatbotIdenty`  AS "chatbotIdenty",
	showH5menu,enableKF,defaultSkillGroup,kfSuffix,appid,smsAccount,smsPassword,smsPrefix,comefrom, auditStatus, enable, isp
	 from
rcs_chatbotinfo where accessTagNo = '{accessTagNo}'
]]>
        </GENERAL>
    </SQL>

    <SQL id="getChatBotDeveloperInfoById" name="获取开发者配置详情">
        <GENERAL>
            <![CDATA[
            select msgNotifyUrl, agreement, enable, accessTagNO, secretkey, token from rcs_chatbotinfo where accessTagNo = '{accessTagNo}'
            ]]>
        </GENERAL>
    </SQL>


    <SQL id="queryCountCb">
        <GENERAL>
            <![CDATA[
			select count(DISTINCT chatbotid) as cbs from rcs_chatbotinfo  where 1 =1  /* and chatbotid in ({ids}) */
			/* and (auditStatus='{auditStatus}'*/ /* and opType='{opType}'*/ /* and enable='{enable}'*/
			]]>
        </GENERAL>
    </SQL>
    <SQL id="queryCblist">
        <GENERAL>
            <![CDATA[
			SELECT  chatbotid AS "chatbotId",chatbotname ,accessTagNo , auditStatus , comefrom,opType,description,isp,enable,cssPath,cssStyleId
			FROM `rcs_chatbotinfo` where 1 =1 and opType <> '3' /* and chatbotid in ({ids}) */
			/* and auditStatus='{auditStatus}'*/ /* and opType='{opType}'*/ /* and enable='{enable}'*/
			]]>
        </GENERAL>
    </SQL>
    <SQL id="queryAllChatbot">
        <GENERAL>
            <![CDATA[
			select chatbotid,case when auditStatus = 1 then concat(chatbotname,'(已发布)') else concat(chatbotname,'(内测)') end as chatbotname,chatbotIdenty,spName from rcs_chatbotinfo where chatbotid is not null and chatbotid<>'' and Optype<>3
			]]>
        </GENERAL>
    </SQL>
    <SQL id="queryChatbotByUser">
        <GENERAL>
            <![CDATA[
			select t3.chatbotid, case when auditStatus = 1 then concat(t3.chatbotname,'(已发布)') else concat(t3.chatbotname,'(内测)') end as chatbotname,t3.chatbotIdenty,t3.spName from
			(select * from rcs_user where phone='{0}' order by updatetime limit 1) t1
			left join rcs_phone_roles t2 on t1.phone=t2.userphone left join rcs_chatbotinfo t3 on t2.chatbotid=t3.chatbotid
			where t3.chatbotid is not null and t3.Optype<>3
			]]>
        </GENERAL>
    </SQL>
    <SQL id="loadSubscribers">
        <GENERAL>
            <![CDATA[
			SELECT topic,chatbotid,actionClass,actionInjectorName,parameters,actionType,subscribersId from rcs_subscribers where 1=1 /*and chatbotid in ({chatbotid})*/
			]]>
        </GENERAL>
    </SQL>
    <SQL id="editSubscribers">
        <GENERAL>
            <![CDATA[
			update rcs_subscribers set topic='{topic}',actionClass='{actionClass}',actionInjectorName='{actionInjectorName}',parameters='{parameters}',actionType='{actionType}' where subscribersId='{subscribersId}';
			]]>
        </GENERAL>
    </SQL>
    <SQL id="delSubscribers">
        <GENERAL>
            <![CDATA[
			delete from rcs_subscribers where subscribersId='{subscribersId}';
			]]>
        </GENERAL>
    </SQL>
    <SQL id="addSubscribers">
        <GENERAL>
            <![CDATA[
			insert into rcs_subscribers(topic,chatbotid,actionClass,actionInjectorName,parameters,actionType) values
			('{topic}','{chatbotid}','{actionClass}','{actionInjectorName}','{parameters}','{actionType}');
			]]>
        </GENERAL>
    </SQL>
    <SQL id="getChatbotidByIdenty">
        <GENERAL>
            <![CDATA[
				select chatbotid,spname,chatbotidenty,chatbotname from rcs_chatbotinfo where chatbotidenty='{0}'
		]]>
        </GENERAL>
    </SQL>
    <SQL id="getChatbotInfoBychatbotid" name="根据ID查询">
        <GENERAL>
            <![CDATA[
				select chatbotid,spname,chatbotidenty,chatbotname from rcs_chatbotinfo where chatbotid='{0}'
			]]>
        </GENERAL>
    </SQL>
    <SQL id="updateChatbotDeveloper" name="更新提交5g消息平台的customers">
        <GENERAL>
            <![CDATA[
				SELECT a.* FROM rcs_chatbotinfo a   WHERE   appid is null  or appid =''
			]]>
        </GENERAL>
    </SQL>
    <SQL id="kfAienableChatbot" name="加载启动chatbot的客服列表">
        <GENERAL>
            <![CDATA[
				select distinct defaultSkillGroup	from rcs_chatbotinfo where enableKF='1'
			]]>
        </GENERAL>
    </SQL>
    <SQL id="kfAienableChatbot" name="加载启动chatbot的客服列表">
        <GENERAL>
            <![CDATA[
				select distinct defaultSkillGroup	from rcs_chatbotinfo where enableKF='1'
			]]>
        </GENERAL>
    </SQL>

    <!-- chatbot 皮肤|卡片样式 -->
    <SQL id="queryChatbotSkin" name="查询chatbotid皮肤">
        <GENERAL>
            <![CDATA[
				select * from rcs_chatbotinfo_skin where 1=1 /* and type={type} */ /* and id={id} */ /*and skinName='{skinName}'*/ order by skinName asc, changeTime desc
			]]>
        </GENERAL>
    </SQL>

    <!-- chatbot 皮肤|卡片样式 -->
    <SQL id="queryChatbotSkinUnique" name="查询chatbotid皮肤并去重">
        <GENERAL>
            <![CDATA[
				select id,if(changeUser='18600000001',concat( skinName, '(官方)' ),concat( skinName, '(个人)' )) as skinName, skinStyle,changeTime, changeUser, type
				from rcs_chatbotinfo_skin where  changeUser='{changeUser}' /* and type={type} */ /* and id={id} */ /*and skinName='{skinName}'*/
                    union all
                select id, concat(skinName,'(官方)'), skinStyle, changeTime, changeUser, type from rcs_chatbotinfo_skin where  changeUser='18600000001' /* and type={type} */ /* and id={id} */ /*and skinName='{skinName}'*/ ;
			]]>
        </GENERAL>
    </SQL>

<!--    -->
    <!-- 新增chatbot 皮肤|卡片样式 -->
    <SQL id="addChatbotSkin" name="添加chatbotid皮肤">
        <GENERAL>
            <![CDATA[
				insert into rcs_chatbotinfo_skin(skinName, skinStyle,changeTime, changeUser,type) values('{skinName}', '{skinStyle}',now(), '{changeUser}',{type});
			]]>
        </GENERAL>
    </SQL>
    <!-- 删除chatbot 皮肤|卡片样式 -->
    <SQL id="delChatbotSkin" name="删除chatbotid皮肤">
        <GENERAL>
            <![CDATA[
				delete from rcs_chatbotinfo_skin where id='{id}';
			]]>
        </GENERAL>
    </SQL>
    <!--修改chatbot 皮肤|卡片样式-->
    <SQL id="updateChatbotSkin" name="修改chatbotid皮肤">
        <GENERAL>
            <![CDATA[
				update rcs_chatbotinfo_skin set skinStyle='{skinStyle}',changeTime=now(),changeUser='{changeUser}',skinName='{skinName}' where id='{id}' and changeUser='{changeUser}'
			]]>
        </GENERAL>
    </SQL>
    <SQL id="allotChatbotSkin" name="给应用添加皮肤">
        <GENERAL>
            <![CDATA[
				update rcs_chatbotinfo set skinId='{skinId}', cssPath='{cssPath}' where chatbotid='{chatbotid}'
			]]>
        </GENERAL>
    </SQL>
    <SQL id="queryChatbotSkinByChatbotId" name="查询chatbot皮肤">
        <GENERAL>
            <![CDATA[
                select t1.chatbotid,t1.chatbotname,t1.cssPath,t2.skinName,t2.skinStyle from rcs_chatbotinfo t1 left join rcs_chatbotinfo_skin t2 on t1.skinId=t2.id where 1=1 /*and t1.chatbotid='{chatbotid}'*/ order by changeTime desc
			]]>
        </GENERAL>
    </SQL>
    <SQL id="addChatbotCssStyle" name="给应用添加富媒体卡片样式">
        <GENERAL>
            <![CDATA[
				update rcs_chatbotinfo set cssStyleId = {cssStyleId} where chatbotid='{chatbotid}'
			]]>
        </GENERAL>
    </SQL>
    <SQL id="updateChatbotQuitTestStatusFile" name="更新退出状态申请">
        <GENERAL>
            update rcs_chatbotinfo set quitTestStatusFile='{quitFile}', auditStatus = '{auditStatus}'  where accessTagNo='{accessTagNo}'
        </GENERAL>
    </SQL>
    <SQL id="updatechatbotWhitePhoneList" name="更新手机号白名单">
        <GENERAL>
            update rcs_chatbotinfo set phoneWhiteList='{phoneNumbers}' where accessTagNo='{accessTagNo}'
        </GENERAL>
    </SQL>
</SQLS>