<?xml version="1.0" encoding="UTF-8"?>
<SQLS>
    <SQL id="queryNoticeByUserid" name="查询用户消息">
        <GENERAL>
            <![CDATA[
            select t1.*,t2.username,t2.picture from rcs_user_notice t1 left join rcs_user t2 on t1.suserid=t2.userid where 1=1 and
            (ruserid='{ruserid}' and (state=1 or (state=2 and revicetime<=now()))) or
            ((ruserid is null or ruserid = '') and (closetime is null or closetime > now()));
			]]>
        </GENERAL>
    </SQL>
    <SQL id="addNoticeToUser" name="添加用户消息">
        <GENERAL>
            <![CDATA[
			insert into rcs_user_notice(ruserid,suserid,isread,isscroll,scrollbar,content,title,revicetime,state) values
			('{ruserid}','{suserid}','{isread}','{isscroll}','{scrollbar}','{content}','{title}',now(),'{state}');
			]]>
        </GENERAL>
    </SQL>
    <SQL id="editNoticeToUser" name="更新用户消息">
        <GENERAL>
            <![CDATA[
			update rcs_user_notice set state=state/*,state='{state}'*//*,isread='{isread}'*//*,isscroll='{isscroll}'*//*,scrollbar='{scrollbar}'*//*,content='{content}'*/
			/*,title='{title}'*/ where noticeid='{noticeid}';
			]]>
        </GENERAL>
    </SQL>
    <SQL id="readAllNotice" name="全部已读">
        <GENERAL>
            <![CDATA[
			update rcs_user_notice set isread=1 where ruserid='{ruserid}';
			]]>
        </GENERAL>
    </SQL>
    <SQL id="delNoticeByUserid" name="删除用户消息">
        <GENERAL>
            <![CDATA[
			delete from rcs_user_notice where noticeid='{noticeid}';
			]]>
        </GENERAL>
    </SQL>
</SQLS>