<?xml version="1.0" encoding="UTF-8"?>
<SQLS>
    <SQL id="addCustomPage" name="添加自定义表单">
        <GENERAL>
            <![CDATA[
				insert into custom_page_fields(chatbotid,pageid,formtext,datasource,step,primarykey,pagetitle,formClass,csspath,issubmit)
				values('{chatbotid}','{pageid}','{formtext}','{datasource}','{step}','{primarykey}','{pagetitle}','{formClass}','{csspath}','{issubmit}');
			]]>
        </GENERAL>
    </SQL>
    <SQL id="queryCustomPageByPageId">

        <GENERAL>
            <![CDATA[
                select
                fid,t.chatbotid,t2.chatbotname,pageid,formtext, case when JSON_VALID(formtext) then  case when json_unquote(formtext->'$.field_order') is null then 0 else json_unquote(formtext->'$.field_order')+0 end else 0 end as filed_order,datasource,step,primarykey,pagetitle,formClass,t.csspath,issubmit
                from (
                select fid,'{chatbotid}' chatbotid,pageid,formtext,datasource,step,primarykey,pagetitle,formClass,csspath,issubmit from custom_page_fields t where  JSON_VALID(chatbotid) > 0 and t.pageid='{pageid}'/*and t1.step='{step}'*/ and (
                (json_type(chatbotid)='ARRAY' and json_contains(t.chatbotid, CONCAT('"',"{chatbotid}",'"'))) or json_type(chatbotid)<>'ARRAY' and t.chatbotid='{chatbotid}')
                ) t  left join rcs_chatbotinfo t2 on t.chatbotid=t2.chatbotid
            ]]>
        </GENERAL>
    </SQL>
    <SQL id="delCustomPage">
        <GENERAL>
            <![CDATA[
				delete from custom_page_fields where chatbotid='{chatbotid}' and pageid='{pageid}' /*and step='{step}'*/
			]]>
        </GENERAL>
    </SQL>
    <SQL id="customPageList">
        <GENERAL>
            <![CDATA[
			select max(fid) fid,pagetitle,t1.chatbotid,pageid,chatbotname from custom_page_fields t1 left join rcs_chatbotinfo t2 on t1.chatbotid=t2.chatbotid
			where 1=1 /*and t1.chatbotid in ({chatbotid})*/ /*and pageid='{pageid}'*/ group by pagetitle,t1.chatbotid,pageid,chatbotname  order by fid desc
			]]>
        </GENERAL>
    </SQL>
    <SQL id="queryCustomPageValue"  name="查询已提交的表单">
        <GENERAL>
            <![CDATA[
				select * from custom_form_submit where id='{formid}'
			]]>
        </GENERAL>
    </SQL>
    <SQL id="submitCustomForm" afterUpdateBeanName="formSubmitUpdateAfter" exceptionSqlId="updateCustomForm">
        <GENERAL>
            <![CDATA[
		insert into custom_form_submit(chatbotid,pageid,form_value,primary_value,from_query,pagetitle,submittext,formClass,csspath,id,submit_datetime,location)
            values ('{chatbotid}','{pageid}','{form_value}','{primary_value}','{query}','{pagetitle}','{submittext}','{formClass}','{csspath}','{formid}',now(),'{location}')
            ]]>
        </GENERAL>
    </SQL>


    <SQL id="submitCheckForm">
        <GENERAL>
            <![CDATA[
				insert into custom_check_submit
				(enterpriseId,extendItems,checkStartDate,checkEndDate,postDate,checkPlace,checkPerson,checkItems,otherItems,checkDepartment, checkPersonPhone, checkNum)
				values ('{enterpriseId}','{extendItems}','{checkStartDate}','{checkEndDate}','{postDate}','{checkPlace}','{checkPerson}','{checkItems}','{otherItems}','{checkDepartment}', '{phone}', '{checkNum}');
			]]>
        </GENERAL>
    </SQL>
    <SQL id="fillSnapshot" name="填充快照url">
        <GENERAL>
            <![CDATA[
                update custom_check_submit set snapshot='{0}' where id='{1}'
			]]>
        </GENERAL>
    </SQL>

    <SQL id="queryCheckForm">
        <GENERAL>
            <![CDATA[
            SELECT t1.id,t1.checkNum,t1.snapshot,t1.checkDepartment,t1.enterpriseId,t1.extendItems,t1.checkPlace,t1.checkPerson,t1.checkItems,t1.otherItems,DATE_FORMAT(t1.checkStartDate,'%Y-%m-%d %H:%i:%s') as checkStartDate,DATE_FORMAT(t1.checkEndDate,'%Y-%m-%d %H:%i:%s') as checkEndDate,DATE_FORMAT(t1.postDate,'%Y-%m-%d %H:%i:%s') as postDate ,t2.*
            from custom_check_submit t1
            left join gzssb_check_enterprise  t2 on t1.enterpriseId=t2.id
            where t2.status=1
				/*and checkPersonPhone like'%{checkUserPhone}%'*/
				/*and checkPerson like '%{checkPerson}%'*/
				/*and checkPlace like '%{checkPlace}%'*/
				/*and checkStartDate >= '{checkStartDate}'*/
				/*and checkEndDate <= '{checkEndDate}'*/
				/*and enterpriseId = '{enterpriseId}'*/
				/*and t1.id='{id}'*/ /*and t2.name like '%{enterpriseName}%'*/ /*and t2.address like '%{enterpriseAddress}%'*/
			  /*and t2.legalPersonName like '%{legalPersonName}%'*/	order by postDate desc
            /*limit {pstart}, {pend}*/
			]]>
        </GENERAL>
    </SQL>


    <SQL id="insert_studyDoc">
        <GENERAL>
            <![CDATA[
				insert into rcs_wmp_study_doc
				(title,docDate,attachment,attachmentType,categoryId,status,attachmentUrl,docOrder)
				values ('{title}','{docDate}','{attachment}','{attachmentType}','{categoryId}','{status}','{attachmentUrl}','{docOrder}');
			]]>
        </GENERAL>
    </SQL>


    <SQL id="submitCustomFormForAfterAction" afterUpdateBeanName="formSubmitUpdateAfter">
        <GENERAL>
            <![CDATA[
		insert into custom_form_submit(id,chatbotid,pageid,form_value,primary_value,from_query,pagetitle,submittext,formClass,csspath,submit_datetime,location)
        values ('{insertid}','{chatbotid}','{pageid}','{form_value}','{primary_value}','{query}','{pagetitle}','{submittext}','{formClass}','{csspath}',now(),'{location}')
			]]>
        </GENERAL>
    </SQL>
    <SQL id="updateCustomForm" afterUpdateBeanName="formSubmitUpdateAfter">
        <GENERAL>
            <![CDATA[
				update custom_form_submit set chatbotid='{chatbotid}',pageid='{pageid}',form_value='{form_value}',primary_value='{primary_value}',
				pagetitle='{pagetitle}',submittext='{submittext}',formClass='{formClass}',csspath='{csspath}',location='{location}',
				submit_datetime=now() where id='{formid}'
			]]>
        </GENERAL>
    </SQL>
    <SQL id="deleteCustomForm">
        <GENERAL>
            <![CDATA[
				delete from custom_form_submit where id='{formid}'
			]]>
        </GENERAL>
    </SQL>
    <SQL id="query_component_props">
        <GENERAL>
            <![CDATA[
				select * from custom_page_component where 1=1
				/*and component_name='{component_name}'*/
				/*and component_text like '%{component_text}%'*/
				/*and component_prop='{component_prop}'*/
	            /*and component_prop_text like '%{component_prop_text}%'*/
			]]>
        </GENERAL>
    </SQL>
    <SQL id="query_component">
        <GENERAL>
            <![CDATA[
				select distinct component_name,component_text from custom_page_component
			]]>
        </GENERAL>
    </SQL>
    <SQL id="insert_component">
        <GENERAL>
            <![CDATA[
				insert into custom_page_component
				(component_name,component_text,component_desc,component_prop,component_prop_text,component_prop_default_value,component_prop_desc,component_prop_type)
				values ('{component_name}','{component_text}','{component_desc}','{component_prop}','{component_prop_text}','{component_prop_default_value}','{component_prop_desc}','{component_prop_type}');
			]]>
        </GENERAL>
    </SQL>
    <SQL id="update_component">
        <GENERAL>
            <![CDATA[
				update custom_page_component set
				component_name='{component_name}',
				component_text='{component_text}',
				component_desc='{component_desc}',
				component_prop='{component_prop}',
				component_prop_text='{component_prop_text}',
				component_prop_default_value='{component_prop_default_value}',
				component_prop_desc='{component_prop_desc}',
				component_prop_type='{component_prop_type}'
				where component_id='{component_id}'
			]]>
        </GENERAL>
    </SQL>
    <SQL id="delete_component">
        <GENERAL>
            <![CDATA[
				delete from custom_page_component where component_id='{component_id}'
			]]>
        </GENERAL>
    </SQL>
    <!-- 贵阳市促进软件和信息技术服务业政策 -->
    <SQL id="gzgyServicePolicyFormSubmit" afterUpdateBeanName="servicePolicyFormSubmitUpdateAfter">
        <GENERAL>
            <![CDATA[
				insert into custom_form_submit(chatbotid,pageid,form_value,primary_value,from_query,pagetitle,submittext,formClass,csspath,id,submit_datetime) values (?,?,?,?,?,?,?,?,?,?,now())
			]]>
        </GENERAL>
    </SQL>
    <SQL id="gzgyServicePolicyFormUpdate" afterUpdateBeanName="servicePolicyFormSubmitUpdateAfter">
        <GENERAL>
            <![CDATA[
				update custom_form_submit set chatbotid=?,pageid=?,form_value=?,primary_value=?,pagetitle=?,submittext=?,formClass=?,csspath=?,submit_datetime=now() where id=?
			]]>
        </GENERAL>
    </SQL>
    <SQL id="queryCustomSubmitForm" name="查询已经提交表单数据">
        <GENERAL>
            <![CDATA[
				select * from custom_form_submit where id='{formid}'
			]]>
        </GENERAL>
    </SQL>
    <SQL id="queryCustomSubmitFormList" name="查询已经提交表单数据">
        <GENERAL>
            <![CDATA[
			    select * from (
				select id,chatbotid,pageid,primary_value,form_value,submit_datetime,from_query,pagetitle,poststatus,postDate,submittext,formClass,csspath,location,postData,
				case when submittype is null then 'submit' else submittype end as submittype
				from (select t.*,submittext->>'$.submit_field_name'  AS submittype from custom_form_submit t) t
				) a where submittype='submit' and chatbotid='{chatbotid}' /*and submit_datetime >= '{st}'*/ /*and submit_datetime <= '{et}'*/ /*and pageid='{pageid}'*/ order by submit_datetime desc limit {pstart}, {pend}
			]]>
        </GENERAL>
    </SQL>
    <SQL id="queryGzgyServicePolicy" name="查询服务业政策">
        <GENERAL>
            <![CDATA[
				select t1.*,t3.condition_name,t3.condition_expression,t3.condition_value,t3.data_desc,t3.data_from,t2.position,t2.field_label,t2.field_name,t2.chatbotid,t2.pageid
				from gzgy_service_policy t1 left join v_custom_page_fields t2 on t1.formid=t2.fid
				left join gzgy_policy_condition t3 on t1.condition_id=t3.condition_id order by formid,condition_group asc
			]]>
        </GENERAL>
    </SQL>

    <SQL id="updatePostStatus" afterUpdateBeanName="formSubmitUpdateAfter">
        <GENERAL>
            <![CDATA[
				update   custom_form_submit
				set poststatus='{status}', postDate=${sysdt},postData='{data}'
				where 		id='{formid}'	]]>
        </GENERAL>
        <MYSQL>
            <param id="sysdt" value="SYSDATE()"/>
        </MYSQL>
        <ORACLE>
            <param id="sysdt" value="sysdate"/>
        </ORACLE>
    </SQL>
    <SQL id="getCustomPageInfo">
        <GENERAL>
            <![CDATA[
			SELECT DISTINCT pageid,pagetitle FROM custom_page_fields where chatbotid ='{chatbotid}'
			]]>
        </GENERAL>
    </SQL>
    
      <SQL id="queryUnVerfiedCount">
        <GENERAL>
            <![CDATA[
		select count(*) cnt ,'policeCheckTask' type from v_post_view where sid='{0}' and user_phone='{1}'
			]]>
        </GENERAL>
    </SQL>
      <SQL id="AddcustomPageViewRule" name="添加自定义表单view">
        <GENERAL>
            <![CDATA[
				insert into custom_page_viewrule(chatbotid,pageid,`rules`)
				values('{chatbotid}','{pageid}','{rules}');
			]]>
        </GENERAL>
    </SQL>
     <SQL id="UpdatecustomPageViewRule" name="Update自定义表单view">
        <GENERAL>
            <![CDATA[
				update custom_page_viewrule set `rules`='{rules}' where  chatbotid='{chatbotid}' and pageid='{pageid}' 
			]]>
        </GENERAL>
    </SQL>
     <SQL id="deletecustomPageViewRule" name="delete自定义表单View">
        <GENERAL>
            <![CDATA[
				delete from custom_page_viewrule   where  chatbotid='{chatbotid}' and pageid='{pageid}' 
			]]>
        </GENERAL>
    </SQL>
      <SQL id="selectCustomPageViewRule" name="Query自定义表单View">
        <GENERAL>
            <![CDATA[
				select * from custom_page_viewrule   where  chatbotid='{chatbotid}' and pageid='{pageid}' 
			]]>
        </GENERAL>
    </SQL>
    
    </SQLS>