<?xml version="1.0" encoding="UTF-8"?>
<SQLS>
    <SQL id="insertThirdparty" name="记录三方推送数据">
        <GENERAL>
            <![CDATA[
            insert into rcs_thirdparty_push(alertId, eventType,dataDetail,version,msisdn,capturetime) values('{alertId}', '{eventType}', '{dataDetail}', '{version}', '{msisdn}', now());
			]]>
        </GENERAL>
    </SQL>

    <SQL id="checkAlertId" name="检查alertId">
        <GENERAL>
            <![CDATA[
            select count(1) ct from rcs_thirdparty_push where alertId='{0}'
			]]>
        </GENERAL>
    </SQL>
</SQLS>