<?xml version="1.0" encoding="UTF-8"?>
<SQLS>
    <SQL id="insertConfig">
        <GENERAL>
            <![CDATA[
			insert into rcs_config(keywords,type,chatbotId,height,width,direction,alignment,updatetime,editby,enable,smssupported,smsContent,smsH5support,isfuzzy,configCssClassName,cssStyleId) values(?,?,?,?,?,?,?,?,?,?,?,?,?,?,?,?);
			]]>
        </GENERAL>
    </SQL>
    <SQL id="insertMsgSugCompose">
        <GENERAL>
            <![CDATA[
			insert into rcs_msg_sug_compose(msgid,suggestiontag,cId) values(?,?,?);
			]]>
        </GENERAL>
    </SQL>
    <SQL id="insertConfigMsgSgid">
        <GENERAL>
            <![CDATA[
			insert into rcs_config_msg_sgid(configid, msg_suggestion_id,suggestiontag,msgRank,cId) values(?,?,?,?,?);
			]]>
        </GENERAL>
    </SQL>
    <SQL id="updateConfig">
        <GENERAL>
            <![CDATA[
update rcs_config set /*keywords='{keywords}',*/type='{type}',chatbotId='{chatbotId}',height='{height}',width='{width}',direction='{direction}',
alignment='{alignment}',updatetime=now(),editby='sys',smssupported='{smssupported}',smsContent='{smsContent}',smsH5support='{smsH5support}',
isfuzzy='{isfuzzy}', /* cssStyleId={cssStyleId} ,*/ configCssClassName='{configCssClassName}' where configid='{configid}'
			]]>
        </GENERAL>
    </SQL>
    <SQL id="updateMsg">
        <GENERAL>
            <![CDATA[
update rcs_msg set description='{cardDesc}',title='{title}',
isTemplate='{isTemplate}',isShowH5='{isShowH5}',templateName='{templateName}',params='{templateParams}',
mediaUrl='{originImageUrl}',thumbnailUrl='{thumbnailUrl}',mediaContentType='{originContentType}',thumbnailContentType='{thumbnailContentType}'
where msgid='{msgid}'
			]]>
        </GENERAL>
    </SQL>
    <SQL id="updateMsgSuggestionTag" name="修改卡片菜单标签">
        <GENERAL>
            <![CDATA[
				update rcs_msg_sug_compose set suggestiontag='{0}' where msgid='{1}'
			]]>
        </GENERAL>
    </SQL>
    <SQL id="updateConfigSuggestionTag" name="修改底部菜单">
        <GENERAL>
            <![CDATA[
				update rcs_config_msg_sgid set suggestiontag='{0}' where configid='{1}'
			]]>
        </GENERAL>
    </SQL>
    <SQL id="updateConfigKeyword" name="修改卡片关键字">
        <GENERAL>
            <![CDATA[
				update rcs_config set keywords='{0}' where configid='{1}'
			]]>
        </GENERAL>
    </SQL>
    <SQL id="updateConfigCardType" name="修改卡片类型">
        <GENERAL>
            <![CDATA[
				update rcs_config set type='{0}' where configid='{1}'
			]]>
        </GENERAL>
    </SQL>
    <SQL id="countKeywords">
        <GENERAL>
            <![CDATA[
			SELECT COUNT(KEYWORDS)  AS COUNT FROM `RCS_CONFIG` WHERE KEYWORDS = '{keywords}' AND  CHATBOTID = '{chatbotid}' /* and configid != '{configid}' */
			]]>
        </GENERAL>
    </SQL>
    <SQL id="queryConfig" name="query layoutform">
        <GENERAL>
            <![CDATA[
			SELECT
	t1.chatbotId,
	t2.chatbotname AS appName,
	t1.type AS cardType,
	t1.width,
	t1.height,
	t1.alignment,
	t1.direction,
  t1.keywords
FROM
	rcs_config t1
	LEFT JOIN rcs_chatbotinfo t2 ON t1.chatbotid = t2.chatbotid;
			]]>
        </GENERAL>
    </SQL>
    <SQL id="queryConfigIdByKeywords" name="根据keywords查询configid">
        <GENERAL>
            <![CDATA[
			select distinct configid configid from v_rcs_config where keywords='{0}'
			]]>
        </GENERAL>
    </SQL>
    <SQL id="queryMsgSgidConfig4Edit" name="修改卡片消息时，查询卡片消息对应的关键字configId">
        <GENERAL>
            <![CDATA[
			select distinct configid,msgconfigid,msgRank from v_rcs_config where configid='{0}' and configid<>msgconfigid
			]]>
        </GENERAL>
    </SQL>

    <!-- delete begin -->
    <SQL id="delRcsMsgByConfigid" name="删除对应的所有卡片">
        <GENERAL>
            <![CDATA[
			delete from rcs_msg where msgid in (select distinct msgid from rcs_msg_sug_compose where msg_suggestion_id in (select distinct msg_suggestion_id from rcs_config_msg_sgid where configid = '{0}'));
			]]>
        </GENERAL>
    </SQL>
    <SQL id="delRcsMsgByConfigidBykw" name="删除对应的所有卡片">
        <GENERAL>
            <![CDATA[
			delete from rcs_msg where msgid in (select distinct msgid from rcs_msg_sug_compose where msg_suggestion_id in (select distinct msg_suggestion_id from rcs_config_msg_sgid where configid in (select configid from rcs_config_msg_sgid where msg_suggestion_id in (select distinct msg_suggestion_id from rcs_config_msg_sgid where configid='{0}'))));
			]]>
        </GENERAL>
    </SQL>
    <SQL id="delRcsConfig" name="删除对应的通用配置">
        <GENERAL>
            <![CDATA[
			delete from rcs_config where configid = '{0}';
			]]>
        </GENERAL>
    </SQL>
    <SQL id="delRcsConfigBykw" name="删除对应的通用配置">
        <GENERAL>
            <![CDATA[
			delete from rcs_config where configid in (select configid from rcs_config_msg_sgid where msg_suggestion_id in( select distinct msg_suggestion_id from rcs_config_msg_sgid where configid='{0}') union all select '{1}');
			]]>
        </GENERAL>
    </SQL>
    <SQL id="delConfigMsgSgid" name="删除消息与回复关系">
        <GENERAL>
            <![CDATA[
			delete from rcs_config_msg_sgid where configid = '{0}';
			]]>
        </GENERAL>
    </SQL>
    <SQL id="delConfigMsgSgidBykw" name="删除消息与回复关系">
        <GENERAL>
            <![CDATA[
			delete from rcs_config_msg_sgid where msg_suggestion_id in( select msg_suggestion_id from (select distinct msg_suggestion_id from rcs_config_msg_sgid where configid='{0}') t);
			]]>
        </GENERAL>
    </SQL>
    <SQL id="delMsgsugCompose" name="删除卡片消息与菜单对应的关系">
        <GENERAL>
            <![CDATA[
			delete from rcs_msg_sug_compose where msg_suggestion_id in (select distinct msg_suggestion_id from rcs_config_msg_sgid where configid = '{0}');
			]]>
        </GENERAL>
    </SQL>
    <SQL id="delMsgsugComposeBykw" name="删除卡片消息与菜单对应的关系">
        <GENERAL>
            <![CDATA[
			delete from rcs_msg_sug_compose where msg_suggestion_id in (select distinct msg_suggestion_id from rcs_config_msg_sgid where configid in (select distinct configid from rcs_config_msg_sgid where msg_suggestion_id in (select distinct msg_suggestion_id from rcs_config_msg_sgid where configid='{0}')));
			]]>
        </GENERAL>
    </SQL>
    <SQL id="delMsgSugCompose" name="删除无效的msgsug">
        <GENERAL>
            <![CDATA[
delete from rcs_msg_sug_compose where msgid not in (select  msgid  from rcs_msg);
			]]>
        </GENERAL>
    </SQL>

    <SQL id="delRepetMsgSugCompose" name="删除重复的msgsug">
        <GENERAL>
            <![CDATA[
delete from rcs_msg_sug_compose where msg_suggestion_id  not in (
select  msg_suggestion_id from (select min(msg_suggestion_id) msg_suggestion_id from rcs_msg_sug_compose group by msgid, suggestiontag) t
);
			]]>
        </GENERAL>
    </SQL>
    <SQL id="delConfiMsgSgid" name="删除重复的msg关系">
        <GENERAL>
            <![CDATA[
delete from rcs_config_msg_sgid where msg_suggestion_id not in (select msg_suggestion_id from rcs_msg_sug_compose );
			]]>
        </GENERAL>
    </SQL>
    <SQL id="queryMessage">
        <GENERAL>
            <![CDATA[
			select t1.configid,t1.keywords,t1.chatbotid,t1.editby,t1.updatetime,t1.type,min(t1.thumbnailUrl) thumbnailUrl,t2.spname,t2.chatbotname,t2.chatbotIdenty from v_rcs_config t1
left join rcs_chatbotinfo t2 on t1.chatbotid=t2.chatbotid
where 1 = 1 /* and  t1.keywords like '%{input}%'  */ /* and  t1.chatbotid in ({app}) */ /* and   relationName = '{tag}'  */
group by t1.configid,t1.keywords,t1.chatbotid,t1.editby,t1.updatetime,t1.type,t2.spname order by updatetime desc
			]]>
        </GENERAL>
    </SQL>
    <SQL id="queryCountMessage">
        <GENERAL>
            <![CDATA[
			select count(1) as count from (
select t1.configid,t1.keywords,t1.chatbotid,t1.editby,t1.updatetime,t1.type,min(t1.thumbnailUrl) thumbnailUrl from v_rcs_config t1
where 1 = 1 /* and  t1.keywords like '%{input}%'  */ /* and  t1.chatbotid in ({app}) */ /* and   relationName = '{tag}'  */
group by t1.configid,t1.keywords,t1.chatbotid,t1.editby,t1.updatetime,t1.type
) t
			]]>
        </GENERAL>
    </SQL>
    <SQL id="updateConfigMsgRank">
        <GENERAL>
            <![CDATA[
				update rcs_config_msg_sgid set msgRank={0} where configid='{1}' and msg_suggestion_id in (select msg_suggestion_id from rcs_msg_sug_compose where msgid='{2}');
			]]>
        </GENERAL>
    </SQL>
    <SQL id="queryParentConfigId" name="查询config父id">
        <GENERAL>
            <![CDATA[
 		select distinct configid from v_rcs_config where configid<>'{configid}' and msgconfigid='{configid}' and chatbotid='{chatbotid}'
			]]>
        </GENERAL>
    </SQL>
    <SQL id="queryKeywordsWithAi">
        <GENERAL>
            <![CDATA[
			SELECT DISTINCT keywords,configid FROM `v_rcs_config` where aistepid > 0 and chatbotId = '{chatbotId}'
			]]>
        </GENERAL>
    </SQL>
    <SQL id="queryKeywordsWithoutAi">
        <GENERAL>
            <![CDATA[
			SELECT DISTINCT keywords,configid FROM `v_rcs_config` where ( aistepid is null or  aistepid < 0 ) and chatbotId = '{chatbotId}'
			]]>
        </GENERAL>
    </SQL>
    <SQL id="updateConfigForProdures">
        <GENERAL>
            <![CDATA[
			update rcs_config set aistepid = '{aistepid}',updatetime = now() ,editby = 'sys'
			where configid = '{configid}'
			]]>
        </GENERAL>
    </SQL>
    <SQL id="configRoleTag">
        <GENERAL>
            <![CDATA[
				 select tagSubNo,configid from v_rcs_config_tags_relation where tagtype='role'
			]]>
        </GENERAL>
    </SQL>
</SQLS>