<?xml version="1.0" encoding="UTF-8"?>
<SQLS>
    <SQL id="qryEvalTags" name="查询评价标签">
        <GENERAL>
            <![CDATA[
select CONCAT(GROUP_CONCAT(concat(tagid,'-',tagname) SEPARATOR '|')) as tags,t.servicetype,chatbotname from (
	select * from (
		select case when a2.ct is null then 0 else a2.ct end as ct,a1.tagname,a1.tagid,a1.servicetype,a1.parentid,a1.type
		from (select t2.tagid parentid,t2.tagname type,t1.tagname,t1.servicetype,t1.rating, t1.tagid from service_evaluate_tags t1 left join service_evaluate_tags t2 on t1.parentid=t2.tagid
								where t1.parentid>=0 and (t2.servicetype is null or t2.servicetype<>'custom') /*and t1.servicetype='{servicetype}'*/ /*and t1.rating={rating}*/) a1 left join (
		select count(1) ct,t2.tagid,t2.parentid,t2.tagname,t2.servicetype,t2.rating from service_evaluate_tags_relation t1 left join service_evaluate_tags t2 on t1.tagid=t2.tagid
		group by t2.tagid,t2.parentid,t2.tagname,t2.servicetype,t2.rating
		) a2 on a1.tagid=a2.tagid and a1.servicetype=a2.servicetype order by ct desc
	) a1
union all
	select * from (
		select  count(1) ct,t2.tagname,t2.tagid,t2.servicetype,t2.parentid,t2.type from service_evaluate_tags_relation t1 left join (
			select t2.tagid parentid,t2.tagname type,t1.tagname,t1.servicetype,t1.rating, t1.tagid from service_evaluate_tags t1 left join service_evaluate_tags t2 on t1.parentid=t2.tagid
						where t1.parentid>=0  and t2.servicetype='custom' /*and t1.servicetype='{servicetype}'*/ /*and t1.rating={rating}*/
		) t2 on t1.tagid=t2.tagid where tagname is not null group by t2.parentid,t2.type,t2.tagname,t2.servicetype,t2.tagid order by ct desc limit 10
	) a2
) t left join v_service_evaluate_type t2 on t.servicetype=t2.servicetype order by ct desc
			]]>
        </GENERAL>
    </SQL>
    <SQL id="qryEvaluateByNo" name="查询评价">
        <GENERAL>
            <![CDATA[
select t1.*,case when DATE_ADD(servicetime,INTERVAL 7 DAY) > now() then 'edit' else 'view' end as optype,
t3.tagid,t3.parentid,t3.tagname,t3.tagdesc,t3.rating
from service_evaluate t1
left join service_evaluate_tags_relation t2 on t1.evaluateid=t2.evaluateid
left join service_evaluate_tags t3 on t2.tagid=t3.tagid
where (t1.serviceno='{serviceno}' or t1.serviceno like '{serviceno}-%') and t1.servicetype='{servicetype}' order by servicetime desc limit 1
			]]>
        </GENERAL>
    </SQL>
    <SQL id="queryEvaluateTagsByServiceType" name="查询所有标签">
        <GENERAL>
            <![CDATA[
		select * from (
		select case when a2.ct is null then 0 else a2.ct end as ct,a1.tagname,a1.tagid,a1.servicetype,a1.parentid,a1.type parenttag,a1.rating
		from (select t1.parentid,t2.tagname type,t1.tagname,t1.servicetype,t1.rating, t1.tagid from service_evaluate_tags t1 left join service_evaluate_tags t2 on t1.parentid=t2.tagid
								where t1.parentid>=0 and (t2.servicetype is null or t2.servicetype<>'custom') /*and t1.servicetype='{servicetype}'*/ /*and t1.rating={rating}*/) a1 left join (
		select count(1) ct,t2.tagid,t2.parentid,t2.tagname,t2.servicetype,t2.rating from service_evaluate_tags_relation t1 left join service_evaluate_tags t2 on t1.tagid=t2.tagid
		group by t2.tagid,t2.parentid,t2.tagname,t2.servicetype,t2.rating
		) a2 on a1.tagid=a2.tagid and a1.servicetype=a2.servicetype order by ct desc
	) a1
union all
	select * from (
		select  count(1) ct,t2.tagname,t2.tagid,t2.servicetype,t2.parentid,t2.type parenttag,t2.rating from service_evaluate_tags_relation t1 left join (
			select t1.parentid,t2.tagname type,t1.tagname,t1.servicetype,t1.rating, t1.tagid from service_evaluate_tags t1 left join service_evaluate_tags t2 on t1.parentid=t2.tagid
						where t1.parentid>=0  and t2.servicetype='custom' /*and t1.servicetype='{servicetype}'*/ /*and t1.rating={rating}*/
		) t2 on t1.tagid=t2.tagid where tagname is not null group by t2.parentid,t2.type,t2.tagname,t2.servicetype,t2.tagid order by ct
	) a2
			]]>
        </GENERAL>
    </SQL>
    <SQL id="delEvalTag" name="删除评价标签">
        <GENERAL>
            <![CDATA[
			delete from service_evaluate_tags where tagid='{0}' and parentid >= 0;
			delete from service_evaluate_tags_relation where tagid='{1}';
			]]>
        </GENERAL>
    </SQL>
    <SQL id="addEvalTag" name="添加评价标签">
        <GENERAL>
            <![CDATA[
			insert into service_evaluate_tags(parentid,tagname,servicetype,rating) values('{0}', '{1}', '{2}', '{3}');
			]]>
        </GENERAL>
    </SQL>
    <SQL id="queryEvalPostUrl" name="查询评价推送url">
        <GENERAL>
            <![CDATA[
			select evaluatePostUrl from rcs_company_grant where username='{0}' order by id limit 1
			]]>
        </GENERAL>
    </SQL>
    <SQL id="qryAllEvalTags" name="查询所有标签">
        <GENERAL>
            <![CDATA[
			select distinct tagname,servicetype from service_evaluate_tags
			]]>
        </GENERAL>
    </SQL>
    <SQL id="updateEvaluate" name="编辑评价服务">
        <GENERAL>
            <![CDATA[
			update service_evaluate set servicetime=now(),score='{score}',remark='{remark}',suggest='{suggest}',clientip='{clientip}' where evaluateid='{evaluateid}'
			]]>
        </GENERAL>
    </SQL>
    <SQL id="delEvaluateTagsRelation" name="删除评价标签关系">
        <GENERAL>
            <![CDATA[
			delete from service_evaluate_tags_relation where evaluateid='{evaluateid}'
			]]>
        </GENERAL>
    </SQL>
    <SQL id="insertEvaluate" name="服务评价信息">
        <GENERAL>
            <![CDATA[
			insert into service_evaluate(serviceno,servicetype,servicetime,score,remark,evaluator,anonymous,sid,nick,clientip,addtionScores)
values('{serviceno}','{servicetype}',${servicetime},'{score}','{remark}','{evaluator}','{anonymous}','{sid}','{nick}','{clientip}','{addtionScores}')
			]]>
        </GENERAL>
        <MYSQL>
            <param id="servicetime" value="SYSDATE()"/>
        </MYSQL>
        <ORACLE>
            <param id="servicetime" value="sysdate"/>
        </ORACLE>
    </SQL>
    
    <SQL id="insertEvaluateTags" name="服务评价标签关系">
        <GENERAL>
            <![CDATA[
			insert into service_evaluate_tags_relation(evaluateid, tagid) values({evaluateid}, {tagid})
			]]>
        </GENERAL>
    </SQL>
    <SQL id="insertNewTags" name="添加新标签">
        <GENERAL>
            <![CDATA[
			insert into service_evaluate_tags(parentid,tagname,servicetype,rating,updatetime) values({parentid},'{tagname}','{servicetype}',{level},${updatetime});
			]]>
        </GENERAL>
        <MYSQL>
            <param id="updatetime" value="SYSDATE()"/>
        </MYSQL>
        <ORACLE>
            <param id="updatetime" value="sysdate"/>
        </ORACLE>
    </SQL>
    <SQL id="queryEvalLevel7dayCount">
        <GENERAL>
            <![CDATA[
			select chatbotid,servicename,servicetype,good,poor,round(good/(good+poor)*100,2) good_rate,round(poor/(good+poor)*100,2) poor_rate from (
			select t1.chatbotid,t1.servicename,t1.servicetype,case when t2.good is null then 0 else t2.good end as good,case when t2.poor is null then 0 else t2.poor end as poor from service_evaluate_type t1 left join
			( select SERVICETYPE,SUM(GOOD) AS GOOD,SUM(POOR) POOR from (select SERVICETYPE,case when score =5 then score else 0 end GOOD,case when score<5 then score else 0 end POOR,SCORE,SERVICETIME from service_evaluate where SERVICETYPE!='' and servicetime > date_sub(curdate(), interval 7 day)) a group by servicetype ) t2
			on t1.servicetype=t2.servicetype
			) t where 1=1 /*and chatbotid='{chatbotid}'*/
			]]>
        </GENERAL>
    </SQL>
    <SQL id="queryEvalLevelCount">
        <GENERAL>
            <![CDATA[
			select t1.servicetype,t1.servicename,
			case when t2.good is null then 0 else t2.good end as good,
			case when t2.poor is null then 0 else t2.poor end as poor from service_evaluate_type t1
			left join (
			select SERVICETYPE,SUM(GOOD) AS GOOD,SUM(POOR) POOR from
			(select SERVICETYPE,case when score =5 then score else 0 end GOOD,case when score<5 then score else 0 end POOR,SCORE,SERVICETIME from service_evaluate where SERVICETYPE!='') a
			group by servicetype
			) t2
			on t1.servicetype=t2.servicetype where 1=1 /*and t1.chatbotid='{chatbotid}'*/
			]]>
        </GENERAL>
    </SQL>
    <SQL id="evalHostTags">
        <GENERAL>
            <![CDATA[
			select count(1) ct,t2.tagname,t3.servicename from SERVICE_EVALUATE_TAGS_RELATION t1
			left join SERVICE_EVALUATE_TAGS t2 on t1.TAGID=t2.TAGID
			left join SERVICE_EVALUATE_type t3 on t2.servicetype=t3.servicetype where 1=1 /*and t3.chatbotid='{chatbotid}'*/
			group by t2.tagname,t3.servicename order by ct desc limit 10
			]]>
        </GENERAL>
    </SQL>
    <SQL id="evalSumScore24H">
        <GENERAL>
            <![CDATA[
			select concat(hour_type,'时') as date,
			sum(case when servicetype='care' then  score else 0 end) '用户关怀体验评价',
			sum(case when servicetype='store' then  score else 0 end) '进店体验服务评价',
			sum(case when servicetype='buycar' then  score else 0 end) '购车体验评价',
			sum(case when servicetype='testdrive' then  score else 0 end) '试驾体验评价',
			sum(case when servicetype='consultancy' then  score else 0 end) '网上咨询服务评价',
			sum(case when servicetype='common' then  score else 0 end) '用户评价',
			sum(case when servicetype='maintain' then  score else 0 end) '保养评价',
			sum(case when servicetype='repair' then  score else 0 end) '维修评价',
			sum(case when servicetype='customer' then  score else 0 end) '客服服务评价'
			from (select  date_format(servicetime,'%H') hour_type,t1.servicetype,score from service_evaluate t1
			left join service_evaluate_type t2 on t1.servicetype=t2.servicetype
			where t1.servicetype!='' and servicetime > date_sub(curdate(), interval 1 day) /*and t2.chatbotid='{chatbotid}'*/)a group by hour_type
			]]>
        </GENERAL>
    </SQL>
    <SQL id="evalSumScore24H2">
        <GENERAL>
            <![CDATA[
            select t1.servicename,sum(t2.score) sumScore,round(avg(t2.score), 2) avgScore,count(1) ct,concat(t2.hour_type,'时') as date from v_service_evaluate_type t1 left join (select  date_format(servicetime,'%H') hour_type,t1.servicetype,score from service_evaluate t1
			left join v_service_evaluate_type t2 on t1.servicetype=t2.servicetype
			where t1.servicetype!='' and servicetime > date_sub(curdate(), interval 1 day) and t2.chatbotid='{chatbotid}') t2 on t1.servicetype=t2.servicetype
            where t1.chatbotid='{chatbotid}' group by t1.servicename,concat(t2.hour_type,'时') order by t1.servicetype asc
			]]>
        </GENERAL>
    </SQL>
    <SQL id="evalSumScore7days">
        <GENERAL>
            <![CDATA[
			select concat(HOUR_TYPE,' (Week ',weeks+1,')') date,
			sum(case when servicetype='care' then  score else 0 end) '用户关怀体验评价',
			sum(case when servicetype='store' then  score else 0 end) '进店体验服务评价',
			sum(case when servicetype='buycar' then  score else 0 end) '购车体验评价',
			sum(case when servicetype='testdrive' then  score else 0 end) '试驾体验评价',
			sum(case when servicetype='consultancy' then  score else 0 end) '网上咨询服务评价',
			sum(case when servicetype='common' then  score else 0 end) '用户评价',
			sum(case when servicetype='maintain' then  score else 0 end) '保养评价',
			sum(case when servicetype='repair' then  score else 0 end) '维修评价',
			sum(case when servicetype='customer' then  score else 0 end) '客服服务评价'
			from (SELECT  date_format( servicetime, '%Y-%m-%d' ) HOUR_TYPE,WEEKDAY(servicetime) weeks,t1.SERVICETYPE,SCORE FROM SERVICE_EVALUATE t1
			left join service_evaluate_type t2 on t1.servicetype=t2.servicetype
			WHERE t1.SERVICETYPE!='' and servicetime > date_sub(curdate(), interval 6 day) /*and t2.chatbotid='{chatbotid}'*/)a group by hour_type,weeks
			]]>
        </GENERAL>
    </SQL>
    <SQL id="evalSumScore1mouth">
        <GENERAL>
            <![CDATA[
			select hour_type as date,
			sum(case when servicetype='care' then  score else 0 end) '用户关怀体验评价',
			sum(case when servicetype='store' then  score else 0 end) '进店体验服务评价',
			sum(case when servicetype='buycar' then  score else 0 end) '购车体验评价',
			sum(case when servicetype='testdrive' then  score else 0 end) '试驾体验评价',
			sum(case when servicetype='consultancy' then  score else 0 end) '网上咨询服务评价',
			sum(case when servicetype='common' then  score else 0 end) '用户评价',
			sum(case when servicetype='maintain' then  score else 0 end) '保养评价',
			sum(case when servicetype='repair' then  score else 0 end) '维修评价',
			sum(case when servicetype='customer' then  score else 0 end) '客服服务评价'
			from (SELECT  date_format( servicetime, '%Y-%m-%d' ) HOUR_TYPE,t1.SERVICETYPE,SCORE FROM SERVICE_EVALUATE t1
			left join service_evaluate_type t2 on t1.servicetype=t2.servicetype
			WHERE t1.SERVICETYPE!='' and servicetime > date_sub(curdate(), interval 29 day) /*and t2.chatbotid='{chatbotid}'*/)a group by hour_type
			]]>
        </GENERAL>
    </SQL>
    <SQL id="queryEvaluateTypes" name="查询所有评价服务类别">
        <GENERAL>
            <![CDATA[
				select * from v_service_evaluate_type where
				 chatbotid in (select chatbotid from rcs_chatbotinfo where chatbotIdenty like '%{chatbotid}%' or chatbotid='{chatbotid}')
				 /*and servicetype='{servicetype}'*/ order by servicetype
			]]>
        </GENERAL>
    </SQL>
    <SQL id="queryEvaluateDistinctType" name="查询所有评价服务类别">
        <GENERAL>
            <![CDATA[
				select distinct servicetype,servicename,chatbotid,chatbotname from v_service_evaluate_type where chatbotid = '{chatbotid}'
		]]>
        </GENERAL>
    </SQL>
    <SQL id="insertEvaluateType" name="添加评价服务类别">
        <GENERAL>
            <![CDATA[
				insert into service_evaluate_type(servicetype,servicename,chatbotid,`positionY`,metaid) values('{servicetype}', '{servicename}','{chatbotid}', {positionY},'{metaid}');
			]]>
        </GENERAL>
    </SQL>
    <SQL id="delEvaluateType" name="删除评价服务类别">
        <GENERAL>
            <![CDATA[
				delete from service_evaluate_tags where servicetype='{servicetype}';
				delete from service_evaluate_type where servicetype='{servicetype}';
			]]>
        </GENERAL>
    </SQL>
      <SQL id="delEvaluateTypeChild" name="删除评价服务子类别">
        <GENERAL>
            <![CDATA[
				delete from service_evaluate_type where servicetype='{servicetype}' and  servicename='{servicename}';
			]]>
        </GENERAL>
    </SQL>
    <SQL id="editEvaluateType" name="编辑评价服务类别">
        <GENERAL>
            <![CDATA[
				update service_evaluate_type set positionY='{positionY}',metaid='{metaid}' where servicetype='{servicetype}' and servicename='{servicename}';
			]]>
        </GENERAL>
    </SQL>
    <SQL id="deleteParentEvalTagId" name="删除评价父标签">
        <GENERAL>
            <![CDATA[
			delete from service_evaluate_tags where servicetype='{servicetype}' and (tagid='{tagid}' or parentid='{tagid}') and rating='{rating}'
			]]>
        </GENERAL>
    </SQL>
    <SQL id="editEvaluateTag" name="编辑评价标签">
        <GENERAL>
            <![CDATA[
				update service_evaluate_tags set tagname='{0}' where tagid='{1}';
			]]>
        </GENERAL>
    </SQL>
    <SQL id="evalSumScoreAnyTime">
        <GENERAL>
            <![CDATA[
			select t1.servicename,case when t2.ct is null then 0 else ct end as ct,case when t2.score is null then 0 else score end as score,t1.servicetype from service_evaluate_type t1 left join
            (select round(avg(score), 2) score, count(1) ct,servicetype from service_evaluate where servicetime > '{st}' and servicetime <='{et}' group by servicetype) t2
            on t1.servicetype=t2.servicetype where t1.chatbotid='{chatbotid}'
			]]>
        </GENERAL>
    </SQL>
    <SQL id="evalSumScoreAnyTimeByDay">
        <GENERAL>
            <![CDATA[
			select servicetime,t1.servicename,case when t2.ct is null then 0 else ct end as ct,case when t2.score is null then 0 else score end as score,t1.servicetype from service_evaluate_type t1 left join
    (select round(avg(score), 2) score,count(1) ct, servicetype,date_format(servicetime,'%Y-%m-%d') servicetime from service_evaluate where servicetime > '{st}' and servicetime <='{et}' and servicetype='{servicetype}' group by servicetype,date_format(servicetime,'%Y-%m-%d')) t2
    on t1.servicetype=t2.servicetype where t1.chatbotid='{chatbotid}' and t1.servicetype='{servicetype}' order by servicetime asc
			]]>
        </GENERAL>
    </SQL>
    <SQL id="queryEvalInfo">
        <GENERAL>
            <![CDATA[
			select t1.*,t2.servicename,t2.chatbotid from service_evaluate t1 left join service_evaluate_type t2 on t1.servicetype = t2.servicetype
			where servicetime >= '{st}' and servicetime <='{et}' /*and t1.servicetype='{servicetype}'*/ and t2.chatbotid='{chatbotid}' order by servicetime desc
			]]>
        </GENERAL>
    </SQL>
    <SQL id="evaluateCountByChatbot">
        <GENERAL>
            <![CDATA[
            select sum(t2.score) sumScore,round(avg(t2.score), 2) avgScore,count(1) ct,
            t2.servicetime as date from v_service_evaluate_type t1
            left join
            (select date_format(servicetime,'{dateFormat}') servicetime,t1.servicetype,score from service_evaluate t1
                left join v_service_evaluate_type t2
                on t1.servicetype=t2.servicetype where t1.servicetype!='' and servicetime > date_sub(curdate(), interval {intervalDay} day) and t2.chatbotid='{chatbotid}') t2
            on t1.servicetype=t2.servicetype where t1.chatbotid='{chatbotid}' /*and t1.servicetype='{servicetype}'*/ and t2.servicetime is not null group by t2.servicetime order by t1.servicetype asc
			]]>
        </GENERAL>
    </SQL>

    <SQL id="evaluateCountByChatbotHour">
        <GENERAL>
            <![CDATA[
            select sum(t2.score) sumScore,round(avg(t2.score), 2) avgScore,count(1) ct, t2.servicetime as date from v_service_evaluate_type t1
            left join (select date_format(servicetime,'%H') servicetime,t1.servicetype,score from service_evaluate t1
            left join v_service_evaluate_type t2 on t1.servicetype=t2.servicetype where t1.servicetype!=''
            /*and servicetime >= DATE_FORMAT(now(),'%y-%m-%d 00:00:00')*/ /*and servicetime > '{st}' and servicetime <='{et}'*/ and t2.chatbotid='{chatbotid}') t2 on t1.servicetype=t2.servicetype where t1.chatbotid='{chatbotid}' /*and t1.servicetype='{servicetype}'*/ and t2.servicetime is not null group by t2.servicetime order by t1.servicetype asc
			]]>
        </GENERAL>
    </SQL>
    
    
    <SQL id="selectevaluate_meta" name="查询评分样式">
        <GENERAL>
            <![CDATA[
			select * from service_evaluate_meta
			]]>
        </GENERAL>
    </SQL>
    <SQL id="insertevaluate_meta" name="添加评分样式">
        <GENERAL>
            <![CDATA[
			INSERT INTO  `service_evaluate_meta`(`levelNo`, `evaluateId`, `showNote`, `icon`,  `void-icon`,`evalutateName`) 
			                              VALUES ({levelNo}, '{evaluateId}', '{showNote}', '{icon}', '{void-icon}','{evalutateName}');			
			 ]]>
        </GENERAL>
    </SQL>
    <SQL id="delevaluate_meta" name="删除评分样式">
        <GENERAL>
            <![CDATA[
			delete from   `service_evaluate_meta` where  `levelNo`={levelNo} and  `evaluateId`={evaluateId} 
			 ]]>
        </GENERAL>
    </SQL>
    
     <SQL id="updateevaluate_meta" name="更新评分样式">
        <GENERAL>
            <![CDATA[
			update   `service_evaluate_meta` set
			  showNote='{showNote}',icon='{icon}',`void-icon`='{void-icon}'
			  where `levelNo`={levelNo} and  `evaluateId`='{evaluateId}'
			 ]]>
        </GENERAL>
    </SQL>
</SQLS>