<?xml version="1.0" encoding="UTF-8"?>
<SQLS>
    <SQL id="insertcspecinfo">
        <GENERAL>
            <![CDATA[
	INSERT INTO  `rcs_csp_ecinfo` (
`serverIcon`,
`updatetime`,
`introduce`,
`workPhone`,
`businessLicense`,
`businessAddress`,
`province`,
`city`,
`area`,
`operatorUserId`,
`contractNo`,
`legalUserId`,
`ecName`,
`businessType`,
`ecGrade`
)
VALUES
	(
	?,
	now(),
	?,
	?,
	?,
	?,
	?,
	?,
	?,
	?,
	?,
	?,
	?,
	?,
	?
)
]]>
        </GENERAL>
    </SQL>
    <SQL id="insertrconstract">
        <GENERAL>
            <![CDATA[
	INSERT INTO  `rcs_csp_contractinfomation` ( `contractNo`, `name`, `effectiveDate`, `expiryDate`, `status`, `renewalDate`, `accessory` )
VALUES
	( ?, ?,?, ?, ?, ?,? )

]]>
        </GENERAL>
    </SQL>

    <SQL id="updatecspecinfo">
        <GENERAL>
            <![CDATA[
	update rcs_csp_ecinfo set cspEcNo=? where ecName=?

]]>
        </GENERAL>
    </SQL>
    <SQL id="showecinfos">
        <GENERAL>
            <![CDATA[
	SELECT
	A.*,
	a.serverIcon As serviceIcon,
	b.userid AS operatorRcsUserId,
	c.userid AS legalRcsUserId,
	b.username AS operatorName,
	b.phone AS operatorPhone,
	b.area AS operatorarea,
	b.sex AS operatorsex,
	b.ipfrom AS operatoripfrom,
	b.operatorCard AS operatorCard,
	b.emailAddress AS emailAddress,
	b.operatorIdentityPic1 AS operatorIdentityPic1,
	b.operatorIdentityPic2 AS operatorIdentityPic2,
	c.username AS legalName,
	c.operatorCard AS legalIdentification,
	c.phone AS operatorPhone2,
	c.operatorIdentityPic1 AS identificationStraight,
	c.operatorIdentityPic2 AS identificationCounter,
	`name`,
	DATE_FORMAT( ( effectiveDate ), '%Y%m%d%H%i%S' ) effectiveDate,
	DATE_FORMAT( ( expiryDate ), '%Y%m%d%H%i%S' ) expiryDate,
	`status`,
	DATE_FORMAT( ( renewalDate ), '%Y%m%d%H%i%S' ) renewalDate,
	accessory
FROM
	rcs_csp_ecinfo A
	LEFT JOIN rcs_user b ON a.operatorUserId = b.operatorCard
	LEFT JOIN rcs_user c ON a.legalUserId = c.operatorCard
	LEFT JOIN rcs_csp_contractinfomation d ON a.contractNo = d.contractNo
	where cspEcNo='{cspEcNo}' and b.sex is not null
	]]>
        </GENERAL>
    </SQL>
    <SQL id="updatecspecinfoall">
        <GENERAL>
            <![CDATA[
	update  `rcs_csp_ecinfo`
	set

`serverIcon`=?,
`updatetime`=?,
`introduce`=?,
`workPhone`=?,
`businessLicense`=?,
`businessAddress`=?,
`province`=?,
`city`=?,
`area`=?,
`operatorUserId`=?,
`contractNo`=?,
`legalUserId`=?,
`ecName`=?,
`businessType`=?,
`ecGrade`=?
where cspEcNo=?
]]>
        </GENERAL>
    </SQL>
    <SQL id="updaterconstract">
        <GENERAL>
            <![CDATA[
	update  `rcs_csp_contractinfomation` set
	 `name`=?, `effectiveDate`=?, `expiryDate`=?, `status`=?, `renewalDate`=?, `accessory`=?
	 where
	  `contractNo` =?
]]>
        </GENERAL>
    </SQL>
    <SQL id="deletecspecinfo">
        <GENERAL>
            <![CDATA[
	update  `rcs_csp_ecinfo` set	type=0	 where 	 cspEcNo='{cspEcNo}'
]]>
        </GENERAL>
    </SQL>
    <SQL id="insertInfoRcsinfoFiles">
        <GENERAL>
            <![CDATA[
	INSERT INTO `rcs_csp_files`(`uploadServerUrl`, `headers`, `fileParams`, `url`, `uploadType`, `fileName`, `from`) VALUES (?,?, ?,?, ?,?,?)
	]]>
        </GENERAL>
    </SQL>
    <SQL id="insertcspecinfomap" returnbak="">
        <GENERAL>
            <![CDATA[
	INSERT INTO  `rcs_csp_ecinfo` (
`serverIcon`,
`updatetime`,
`introduce`,
`workPhone`,
`businessLicense`,
`businessAddress`,
`province`,
`city`,
`area`,
`operatorUserId`,
`contractNo`,
`legalUserId`,
`ecName`,
`businessType`,
`ecGrade`,
`isp`,
`createUser`
)
VALUES
	(
	'{rcsInfo.serviceIcon}',
	now(),
	'{rcsInfo.introduce}',
	'{rcsInfo.workPhone}',
	'{rcsInfo.businessLicense}',
	'{rcsInfo.businessAddress}',
	'{rcsInfo.province}',
	'{rcsInfo.city}',
	'{rcsInfo.area}',
	'{rcsInfo.operatorCard}',
	'{rcsContractInformation.contractNo}',
	'{rcsLegalP.legalIdentification}',
	'{rcsRegisterInfo.ecName}',
	'{rcsRegisterInfo.businessType}',
	'{rcsRegisterInfo.ecGrade}',
	'{isp}',
	'{createUser}'
)
]]>
        </GENERAL>
    </SQL>
    <SQL id="insertrconstractmap">
        <GENERAL>
            <![CDATA[
	INSERT INTO  `rcs_csp_contractinfomation` ( `contractNo`, `name`, `effectiveDate`, `expiryDate`, `status`, `renewalDate`, `accessory` )
VALUES
	( '{rcsContractInformation.contractNo}','{rcsContractInformation.name}','{rcsContractInformation.effectiveDate}',
	'{rcsContractInformation.expiryDate}', '{rcsContractInformation.status}',
	'{rcsContractInformation.renewalDate}','{rcsContractInformation.accessory}' )

]]>
        </GENERAL>
    </SQL>
    <SQL id="updatecspecinfoallmap">
        <GENERAL>
            <![CDATA[
	update  `rcs_csp_ecinfo`
	set

`serverIcon`='{rcsInfo.serviceIcon}',
`updatetime`=now(),
`introduce`='{rcsInfo.introduce}',
`workPhone`='{rcsInfo.workPhone}',
`businessLicense`='{rcsInfo.businessLicense}',
`businessAddress`='{rcsInfo.businessAddress}',
`province`='{rcsInfo.province}',
`city`='{rcsInfo.city}',
`area`='{rcsInfo.area}',
`operatorUserId`='{rcsInfo.operatorCard}',
`contractNo`='{rcsContractInformation.contractNo}',
`legalUserId`='{rcsLegalP.legalIdentification}',
`ecName`='{rcsRegisterInfo.ecName}',
`businessType`='{rcsRegisterInfo.businessType}',
`ecGrade`='{rcsRegisterInfo.ecGrade}',
`auditStatus`='3'
where cspEcNo='{rcsRegisterInfo.cspEcNo}'
]]>
        </GENERAL>
    </SQL>
    <SQL id="updatercsusermap">
        <GENERAL>
            <![CDATA[
	update  `rcs_user` set
	 `username`='{rcsInfo.operatorName}',
	 `phone`='{rcsInfo.operatorPhone}', `area`='{rcsInfo.operatorarea}', `sex`='{rcsInfo.operatorsex}',
	  `ipfrom`='{rcsInfo.operatoripfrom}', `operatorCard`='{rcsInfo.operatorCard}',
	  `emailAddress`='{rcsInfo.emailAddress}', `operatorIdentityPic1`='{rcsInfo.operatorIdentityPic1}',
	   `operatorIdentityPic2`='{rcsInfo.operatorIdentityPic2}'
	 where `phone`='{rcsInfo.operatorPhone}'
]]>
        </GENERAL>
    </SQL>

    <SQL id="updatercslegalusemap">
        <GENERAL>
            <![CDATA[
	update  `rcs_user` set
	 `username`='{rcsLegalP.legalName}',
	 `operatorCard`='{rcsLegalP.legalIdentification}', `operatorIdentityPic1`='{rcsLegalP.identificationStraight}',
	   `operatorIdentityPic2`='{rcsLegalP.identificationCounter}' ,`phone`='{rcsLegalP.operatorPhone}'
	 where 	 `phone`='{rcsLegalP.operatorPhone}'
]]>
        </GENERAL>
    </SQL>
    <SQL id="updaterconstractmap">
        <GENERAL>
            <![CDATA[
	update  `rcs_csp_contractinfomation` set
	 `name`='{rcsContractInformation.name}',
	  `effectiveDate`=STR_TO_DATE('{rcsContractInformation.effectiveDate}','%Y%m%d%H%i%S'),
	  `expiryDate`=STR_TO_DATE('{rcsContractInformation.expiryDate}','%Y%m%d%H%i%S'),
	  `status`='{rcsContractInformation.status}',
	   `renewalDate`=STR_TO_DATE('{rcsContractInformation.renewalDate}','%Y%m%d%H%i%S'),
	   `accessory`='{rcsContractInformation.accessory}'
	 where
	  `contractNo` ='{rcsContractInformation.contractNo}'
]]>
        </GENERAL>
    </SQL>
    <SQL id="insertuploadfiles">
        <GENERAL>
            <![CDATA[
	INSERT INTO `rcs_csp_files`(`uploadServerUrl`, `headers`, `fileParams`, `url`, `uploadType`, `fileName`, `from`) VALUES (?,?, ?,?, ?,?,?)
]]>
        </GENERAL>
    </SQL>

    <SQL id="updatescpecaudit">
        <GENERAL>
            <![CDATA[
	update rcs_csp_ecinfo set auditStatus='{auditStatus}' , description='opType:{opType} desc: {description}' where cspEcNo='{auditNo}'
]]>
        </GENERAL>
    </SQL>
    <SQL id="queryCountEc">
        <GENERAL>
            <![CDATA[
			select count(1) ecs from (
				select distinct ecName,ecGrade,r.cspEcNo, t.tagsubType as businessType ,r.auditStatus,r.description,r.type,r.isp from rcs_csp_ecinfo r
				left join v_rcs_tags t on t.tagNo = r.businessType
				left join rcs_chatbotinfo t1 on r.isp=t1.isp and r.cspEcNo=t1.cspEcNo
				where 1=1 /* and (t1.chatbotid in ({ids}) or r.createuser='{phone}' )*/
			) t
			]]>
        </GENERAL>
    </SQL>
    <SQL id="queryUnCommitCustomers" name="查询未提交5g消息平台的customers">
        <GENERAL>
            <![CDATA[
	            SELECT
                    A.*,
                    a.serverIcon AS serviceIcon,
                    b.username AS operatorName,
                    b.phone AS operatorPhone,
                    b.area AS operatorarea,
                    b.sex AS operatorsex,
                    b.ipfrom AS operatoripfrom,
                    b.operatorCard AS operatorCard,
                    b.emailAddress AS emailAddress,
                    b.operatorIdentityPic1 AS operatorIdentityPic1,
                    b.operatorIdentityPic2 AS operatorIdentityPic2,
                    c.username AS legalName,
                    c.operatorCard AS legalIdentification,
                    c.phone AS operatorPhone2,
                    c.operatorIdentityPic1 AS identificationStraight,
                    c.operatorIdentityPic2 AS identificationCounter,
                    `name`,
                    DATE_FORMAT( ( effectiveDate ), '%Y%m%d%H%i%S' ) effectiveDate,
                    DATE_FORMAT( ( expiryDate ), '%Y%m%d%H%i%S' ) expiryDate,
                    `status`,
                    DATE_FORMAT( ( renewalDate ), '%Y%m%d%H%i%S' ) renewalDate,
                    accessory
                FROM
                    rcs_csp_ecinfo A
                    LEFT JOIN rcs_user b ON a.operatorUserId = b.operatorCard
                    LEFT JOIN rcs_user c ON a.legalUserId = c.operatorCard
                    LEFT JOIN rcs_csp_contractinfomation d ON a.contractNo = d.contractNo
                WHERE
                    cspEcNo LIKE 'YD%'
                    /* AND A.isp = '{isp}' */;
			]]>
        </GENERAL>
    </SQL>
    <SQL id="updateCspECNotify" name="更新提交5g消息平台的customers">
        <GENERAL>
            <![CDATA[
			UPDATE RCS_CSP_ECINFO set auditStatus='?'  WHERE cspEcNo='?'
			]]>
        </GENERAL>
    </SQL>
    <SQL id="queryNotifyResultCustomer" name="更新提交5g消息平台的customers">
        <GENERAL>
            <![CDATA[
				SELECT * FROM RCS_CSP_ECINFO  WHERE   auditStatus<> 1 OR auditStatus IS NULL
			]]>
        </GENERAL>
    </SQL>
    <SQL id="checkEcName4Csp" name="校验ecName唯一性">
        <GENERAL>
            <![CDATA[
			SELECT count(1) as count FROM `rcs_csp_ecinfo` WHERE ecName = '{ecName}' /* and cspEcNo != '{cspEcNo}' */
			]]>
        </GENERAL>
    </SQL>
    <SQL id="checkContractNo4Csp" name="校验 contractNo 唯一性">
        <GENERAL>
            <![CDATA[
			SELECT count(1) as count FROM `rcs_csp_contractinfomation` WHERE contractNo = '{contractNo}'
			]]>
        </GENERAL>
    </SQL>

    <SQL id="queryCountryRegion" name="省市区级联查询">
        <GENERAL>
            <![CDATA[
			select r.id, r.name, r.pid from  rcs_country_region r
			]]>
        </GENERAL>
    </SQL>

    <SQL id="cuccRegionsMap" name="联通-省市映射">
        <GENERAL>
            <![CDATA[
			select r.name, r.mName from  rcs_country_region_map r
			]]>
        </GENERAL>
    </SQL>

    <SQL id="updateCustomerStatus" name="定时查询客户信息，修改客户状态">
        <GENERAL>
            <![CDATA[
                update rcs_csp_ecinfo set auditStatus = '{auditStatus}' WHERE cspEcNo = '{cspEcNo}'
			]]>
        </GENERAL>
    </SQL>

    <SQL id="addOperationLog" name="客户资料和chatbot日志记录">
        <GENERAL>
            <![CDATA[
                insert rcs_operation_log (operationTime, operationUse, operationType, operationStatus, operationResult, ISP, cspEcNo, type, requestBody)
                value('{operationTime}','{operationUse}','{operationType}','{operationStatus}','{operationResult}','{ISP}','{cspEcNo}','{type}','{requestBody}')
			]]>
        </GENERAL>
    </SQL>

    <SQL id="selOperationLog" name="查询操作日志">
        <GENERAL>
            <![CDATA[
                select operationTime, operationUse, operationType, operationStatus, operationResult, ISP, cspEcNo, type from rcs_operation_log
                where operationUse = '{operationUse}' and cspEcNo = '{cspEcNo}'
			]]>
        </GENERAL>
    </SQL>
</SQLS>