<?xml version="1.0" encoding="UTF-8"?>
<SQLS>
    <SQL id="insertMsgPush" name="添加消息推送策略">
        <GENERAL>
            <![CDATA[
			insert into rcs_msg_push(chatbotid,type,crontab,cdate,mdate,enable) values('{chatbotid}','{type}','{crontab}',${sysdt},${sysdt},'{enable}')
			]]>
        </GENERAL>
        <MYSQL>
            <param id="sysdt" value="SYSDATE()"/>
        </MYSQL>
        <ORACLE>
            <param id="sysdt" value="sysdate"/>
        </ORACLE>
    </SQL>
    <SQL id="updateMsgPush" name="编辑消息推送策略">
        <GENERAL>
            <![CDATA[
			update rcs_msg_push set chatbotid='{chatbotid}',type='{type}',crontab='{crontab}',mdate=${sysdt},enable='{enable}'
			where id='{id}'
			]]>
        </GENERAL>
        <MYSQL>
            <param id="sysdt" value="SYSDATE()"/>
        </MYSQL>
        <ORACLE>
            <param id="sysdt" value="sysdate"/>
        </ORACLE>
    </SQL>
    <SQL id="delMsgPush" name="删除消息推送策略">
        <GENERAL>
            <![CDATA[
			delete from rcs_msg_push where id='{id}';
			delete from rcs_msg_push_relation where pushid='{id}';
			]]>
        </GENERAL>
    </SQL>
    <SQL id="delMsgPushRelation" name="删除消息推送用户">
        <GENERAL>
            <![CDATA[
			delete from rcs_msg_push_relation where pushid='{pushid}' /*and pushtype='{pushtype}'*/ /*and uid='{uid}'*/;
			]]>
        </GENERAL>
    </SQL>
    <SQL id="insertMsgPushRelation" name="添加消息推送用户">
        <GENERAL>
            <![CDATA[
			insert into rcs_msg_push_relation values('{pushid}','{pushtype}','{uid}')
			]]>
        </GENERAL>
    </SQL>
    <SQL id="insertMsgPushConfig" name="添加消息推送卡片">
        <GENERAL>
            <![CDATA[
			insert into rcs_msg_push_config values('{pushid}','{pushtype}','{cid}')
			]]>
        </GENERAL>
    </SQL>
    <SQL id="delMsgPushConfig" name="删除消息推送卡片">
        <GENERAL>
            <![CDATA[
			delete from rcs_msg_push_config where pushid='{pushid}' /*and pushtype='{pushtype}'*/ /*and cid='{cid}'*/;
			]]>
        </GENERAL>
    </SQL>
    <SQL id="queryMsgPush" name="查询消息推送用户">
        <GENERAL>
            <![CDATA[
SELECT t1.id,t1.chatbotid,CASE WHEN auditStatus = 1 THEN CONCAT(t2.chatbotname,'(已发布)') ELSE CONCAT(t2.chatbotname,'(内测)') END AS chatbotname,
t1.type,t1.crontab,t1.cdate,t1.mdate,t1.enable,
t3.pushtype configpushtype,t3.cid,
t4.configid,t4.keywords,t4.tagsubType,
t5.pushtype userpushtype, case when t5.pushtype = 3 then NULL else t6.uid end as uid,
t6.username,t6.phone, t6.tagsubtype AS usertag
 FROM (
  SELECT * FROM rcs_msg_push t1 WHERE 1=1
    /*and t1.type=''*/ /*and t1.crontab=''*/ /*and t1.enable='{enable}'*/ /*and t1.chatbotid='{chatbotid}'*/
    AND t1.chatbotid IN (
      SELECT DISTINCT chatbotid FROM (
        SELECT chatbotid FROM rcs_chatbotinfo WHERE 1=1 /*and chatbotid='{userphone}'*/
        UNION ALL SELECT chatbotid FROM rcs_phone_roles WHERE 1=1 /*and userphone='{userphone}'*/
      ) t
    )
) T1
LEFT JOIN rcs_chatbotinfo t2 ON t1.chatbotid=t2.chatbotid
LEFT JOIN rcs_msg_push_config t3 ON t1.id=t3.pushid
LEFT JOIN (
  SELECT 2 pushtype, t1.configid cid,NULL tagsubType,t1.* FROM rcs_config t1
  UNION ALL
  SELECT 1 pushtype, t1.tagNo    cid,  t3.tagsubType,t2.* FROM rcs_config_tags_relation t1 JOIN v_rcs_tags t3 ON t1.tagNo=t3.tagNo JOIN rcs_config t2 ON t1.configid=t2.configid
	UNION ALL
	SELECT 'role' pushtype, t1.tagNo    cid,  t3.tagsubType,t2.* FROM rcs_config_tags_relation t1 JOIN v_rcs_tags t3 ON t1.tagNo=t3.tagNo JOIN rcs_config t2 ON t1.configid=t2.configid
) t4 ON t4.pushtype=t3.pushtype AND t4.cid=t3.cid
LEFT JOIN rcs_msg_push_relation t5 ON t1.id=t5.pushid
LEFT JOIN (
  select pushtype,uid,NULL tagsubType, NULL username, uid phone from rcs_msg_push_relation where pushtype=3
	UNION ALL
	SELECT 2 pushtype,t.userid uid,NULL tagsubType, t.username,t.phone FROM rcs_user t
  UNION ALL
  SELECT 1 pushtype,t2.tagNo uid,  t3.tagsubType, t.username,t.phone FROM rcs_user_tag_relation t2 JOIN v_rcs_tags t3 ON t2.tagNo=t3.tagNo JOIN rcs_user t ON t.phone=t2.phone
) t6 ON t5.pushtype=t6.pushtype AND t5.uid=t6.uid
WHERE 1=1 /*and t4.configid={configid}*/ and t3.cid is not null and t5.uid is not null
ORDER BY mdate DESC
/*limit {pageNum},{pageSize}*/
			]]>
        </GENERAL>
    </SQL>
    <SQL id="queryMsgPushCount" name="查询消息推送用户总数">
        <GENERAL>
            <![CDATA[
SELECT COUNT(DISTINCT(id)) ct FROM rcs_msg_push t1
LEFT JOIN rcs_msg_push_relation t2 ON t1.id=t2.pushid
LEFT JOIN rcs_chatbotinfo t4 ON t1.chatbotid=t4.chatbotid
WHERE 1=1 /*and t1.configid=''*/ /*and t1.type=''*/ /*and t1.crontab=''*/ /*and t1.enable=''*/ /* and t1.chatbotid='' */
AND t1.chatbotid IN (
  SELECT DISTINCT chatbotid FROM (
   SELECT chatbotid FROM rcs_chatbotinfo WHERE 1=1 /*and chatbotid='{userphone}'*/
   UNION ALL
   SELECT chatbotid FROM rcs_phone_roles WHERE 1=1 /*and userphone='{userphone}'*/
  ) t
)
			]]>
        </GENERAL>
    </SQL>
    <SQL id="queryMsgPushInvalid" name="查询不可用的消息推送">
        <GENERAL>
            <![CDATA[
SELECT t1.id,t1.chatbotid,CASE WHEN auditStatus = 1 THEN CONCAT(t2.chatbotname,'(已发布)') ELSE CONCAT(t2.chatbotname,'(内测)') END AS chatbotname,
t1.type,t1.crontab,t1.cdate,t1.mdate,t1.enable,
t3.pushtype configpushtype,t3.cid,
t4.configid,t4.keywords,t4.tagsubType,
t5.pushtype userpushtype, case when t5.pushtype = 3 then NULL else t6.uid end as uid,
t6.username,t6.phone, t6.tagsubtype AS usertag
 FROM (
  SELECT * FROM rcs_msg_push t1 WHERE 1=1
    /*and t1.type=''*/ /*and t1.crontab=''*/ /*and t1.enable='{enable}'*/ /*and t1.chatbotid='{chatbotid}'*/
    AND t1.chatbotid IN (
      SELECT DISTINCT chatbotid FROM (
        SELECT chatbotid FROM rcs_chatbotinfo WHERE 1=1 /*and chatbotid='{userphone}'*/
        UNION ALL SELECT chatbotid FROM rcs_phone_roles WHERE 1=1 /*and userphone='{userphone}'*/
      ) t
    )
) T1
LEFT JOIN rcs_chatbotinfo t2 ON t1.chatbotid=t2.chatbotid
LEFT JOIN rcs_msg_push_config t3 ON t1.id=t3.pushid
LEFT JOIN (
  SELECT 2 pushtype, t1.configid cid,NULL tagsubType,t1.* FROM rcs_config t1
  UNION ALL
  SELECT 1 pushtype, t1.tagNo    cid,  t3.tagsubType,t2.* FROM rcs_config_tags_relation t1 JOIN v_rcs_tags t3 ON t1.tagNo=t3.tagNo JOIN rcs_config t2 ON t1.configid=t2.configid
) t4 ON t4.pushtype=t3.pushtype AND t4.cid=t3.cid
LEFT JOIN rcs_msg_push_relation t5 ON t1.id=t5.pushid
LEFT JOIN (
  select pushtype,uid,NULL tagsubType, NULL username, uid phone from rcs_msg_push_relation where pushtype=3
	UNION ALL
	SELECT 2 pushtype,t.userid uid,NULL tagsubType, t.username,t.phone FROM rcs_user t
  UNION ALL
  SELECT 1 pushtype,t2.tagNo uid,  t3.tagsubType, t.username,t.phone FROM rcs_user_tag_relation t2 JOIN v_rcs_tags t3 ON t2.tagNo=t3.tagNo JOIN rcs_user t ON t.phone=t2.phone
) t6 ON t5.pushtype=t6.pushtype AND t5.uid=t6.uid
WHERE t3.cid IS NULL OR t5.uid IS NULL OR t4.configid IS NULL
			]]>
        </GENERAL>
    </SQL>
</SQLS>