<?xml version="1.0" encoding="UTF-8"?>
<SQLS>
    <SQL id="chatbotDisplay-roleList" name="角色列表">
        <GENERAL>
            <![CDATA[
select t1.*,t2.accesstagno from (
select roleType,username,password,chatbotid,concat(`desc`, '(', username, ')') `desc`,smsParameters, case when passived is null then 0 else passived end as jump2case,
case when roleType=2 then 'user' else 'police' end as id,demoUrl
from rcs_company_grant  where roleType is not null and chatbotid in (select dictId from rcs_dict_item where groupId = 'chatbotDisplayApp')
) t1 left join rcs_chatbotinfo t2 on t1.chatbotId=t2.chatbotid
			]]>
        </GENERAL>
    </SQL>
    <SQL id="chatbotDisplay-caseDealList" name="待处理列表">
        <GENERAL>
            <![CDATA[
                SELECT
                    t2.skillGroup,${fmtCallTime} callTime,
                    t1.*,t2.sid,t2.STATUS,
                    t2.msg,t2.policeNick,
                    gci.chargePhone
                FROM
                    (
                    SELECT
                        orderid,phone,nick,chatbotid
                    FROM
                        gz110_order
                    WHERE
                        1 = 1
                        /*AND currentSkillGroup = '{username}'*/
                        /* and phone like '%{phone}%'*/
                        AND createdtime > DATE_SUB( now(), INTERVAL 3 DAY )
                    ) t1
                    left join gzcqa_company_info gci on t1.phone=gci.linkPhone
                    LEFT JOIN (
                    SELECT
                        concat( `desc`, '(', sid, '),', o.note ) msg,s.*
                    FROM
                        (
                        SELECT
                            skillGroup,callTime,sid,STATUS,nick policeNick,finishedTime,orderid
                        FROM
                            gz110_sessions s
                        WHERE
                            1 = 1
                            /* and skillGroup='{username}'*/
                            AND `status` IN ( 0, 1 )
                            AND NOT EXISTS (
                            SELECT
                                1
                            FROM
                                gz110_sessions TMP
                            WHERE
                                TMP.orderid = s.orderid
                                AND TMP.skillGroup = s.skillGroup
                                AND TMP.`status` IN (0, 1)
                            AND (TMP.callTime > s.callTime OR TMP.`status` > s.`status`))
                        ) s
                        LEFT JOIN rcs_company_grant c ON s.skillGroup = c.username and c.chatbotid = '{chatbotid}'
                        LEFT JOIN gz110_order_status o ON s.STATUS = o.STATUS
                    WHERE s.STATUS in (0,1)
                    ) t2 ON t1.orderid = t2.orderid
                WHERE t2.orderid IS NOT NULL /*and ((skillGroup='gycfjGovUnderwriter' and chargePhone='{chargePhone}') or skillGroup<>'gycfjGovUnderwriter')*/ order by t2.callTime desc
			]]>
        </GENERAL>
        <MYSQL>
            <param id="fmtCallTime" value="DATE_FORMAT( t2.callTime,'%Y-%m-%d %H:%i:%s')"/>
        </MYSQL>
        <ORACLE>
            <param id="fmtCallTime" value="to_char(t2.callTime,'yyyy-mm-dd hh24:mi:ss')"/>
        </ORACLE>
    </SQL>
    <SQL id="placebychatbot">
        <GENERAL>
            <![CDATA[
            select distinct CONCAT(placename, '-',`desc`)  `value`, username `key`,chatbotid  from rcs_company_grant where placename is not null and placename <> ''
			]]>
        </GENERAL>
    </SQL>
</SQLS>