<?xml version="1.0" encoding="UTF-8"?>
<SQLS>
    <SQL id="queryEventMsgAll">
        <GENERAL>
            <![CDATA[
                 select relationId,
                       eventType,
                       eventDesc,
                       chatbotId,
                       templateId,
                       datadesc,
                       updateTime,
                       status,
                       injectBean,
                       version,
                       editor
                from rcs_eventmsg_template_relation
                where status = 1
            ]]>
        </GENERAL>
    </SQL>
    <SQL id="queryEventMsgTemplateByEventAndChatbotId">
        <GENERAL>
            <![CDATA[
			    select relationId,
                       eventType,
                       eventDesc,
                       chatbotId,
                       templateId,
                       datadesc,
                       updateTime,
                       status,
                       injectBean,
                       version,
                       editor
                from rcs_eventmsg_template_relation
                where eventType = '{eventType}'
                  and version = '{version}'
                  and chatbotId = '{chatbotId}'
                  and status = 1;
			]]>
        </GENERAL>
    </SQL>

    <SQL id="inserEventMsgRecordLog">
        <GENERAL>
            <![CDATA[
                insert into rcs_eventmsg_record(relationId, templateId, data, createTime) values ('{relationId}', '{templateId}', '{data}', ${sysdt});
			]]>
        </GENERAL>
        <MYSQL>
            <param id="sysdt" value="SYSDATE()"/>
        </MYSQL>
        <ORACLE>
            <param id="sysdt" value="sysdate"/>
        </ORACLE>
    </SQL>

</SQLS>