<?xml version="1.0" encoding="UTF-8"?>
<!DOCTYPE mapper PUBLIC "-//mybatis.org//DTD Mapper 3.0//EN" "http://mybatis.org/dtd/mybatis-3-mapper.dtd">

<mapper namespace="cn.cvtt.safenumber.web.dao.SysLogDao">

    <select id="queryObject" resultType="cn.cvtt.safenumber.web.pojo.SysLogPojo">
        select * from UNIT_OP_LOG where id = #{value}
    </select>

    <select id="queryList" resultType="cn.cvtt.safenumber.web.pojo.SysLogPojo">
        select * from UNIT_OP_LOG
        <where>
            <if test="key != null and key.trim() != ''">
                (`username` like concat('%',#{key},'%') or `operation` like concat('%',#{key},'%'))
            </if>
            <if test="null != unitid">
                AND `unitid` = #{unitid}
            </if>
            <if test="usernames != null">
                AND username IN
                <foreach collection="usernames" item="opuser"  open="(" separator="," close=")">
                    #{opuser}
                </foreach>
            </if>
        </where>
        order by create_date desc
        <if test="offset != null and limit != null">
            limit #{offset}, #{limit}
        </if>
    </select>

    <select id="queryTotal" resultType="int">
        select count(*) from UNIT_OP_LOG
        <where>
            <if test="key != null and key.trim() != ''">
                `username` like concat('%',#{key},'%') or `operation` like concat('%',#{key},'%')
            </if>
            <if test="null != unitid">
                AND `unitid` = #{unitid}
            </if>
            <if test="usernames != null">
                AND username IN
                <foreach collection="usernames" item="opuser"  open="(" separator="," close=")">
                    #{opuser}
                </foreach>
            </if>
        </where>
    </select>

    <insert id="save" parameterType="cn.cvtt.safenumber.web.pojo.SysLogPojo" useGeneratedKeys="true" keyProperty="id">
        insert into UNIT_OP_LOG
        (
        `username`,
        `operation`,
        `method`,
        `params`,
        `ip`,
        `create_date`,
        `unitid`,
        `result_code`,
        `msg`
        )
        values
        (
        #{username},
        #{operation},
        #{method},
        #{params},
        #{ip},
        #{createDate},
        #{unitid},
        #{resultCode},
        #{msg}
        )
    </insert>

    <update id="update" parameterType="cn.cvtt.safenumber.web.pojo.SysLogPojo">
        update UNIT_OP_LOG
        <set>
            <if test="username != null">`username` = #{username}, </if>
            <if test="operation != null">`operation` = #{operation}, </if>
            <if test="method != null">`method` = #{method}, </if>
            <if test="params != null">`params` = #{params}, </if>
            <if test="ip != null">`ip` = #{ip} </if>
        </set>
        where id = #{id}
    </update>

    <delete id="delete">
        delete from UNIT_OP_LOG where id = #{value}
    </delete>

    <delete id="deleteBatch">
        delete from UNIT_OP_LOG where id in
        <foreach item="id" collection="array" open="(" separator="," close=")">
            #{id}
        </foreach>
    </delete>

</mapper>