<?xml version="1.0" encoding="UTF-8"?>
<!DOCTYPE mapper PUBLIC "-//mybatis.org//DTD Mapper 3.0//EN" "http://mybatis.org/dtd/mybatis-3-mapper.dtd">

<mapper namespace="cn.cvtt.safenumber.web.dao.SysRoleDao">

	<select id="queryObject" resultType="cn.cvtt.safenumber.web.pojo.SysRole">
		select * from UNIT_ROLE where role_id = #{value}
	</select>
	
	<select id="queryList" resultType="cn.cvtt.safenumber.web.pojo.SysRole">
		select * from UNIT_ROLE
		<where>
			<if test="roleName != null and roleName.trim() != ''">
				and `role_name` like concat('%',#{roleName},'%') 
			</if>
			<if test="createUserId != null">
				and create_user_id = #{createUserId} 
			</if>
		</where>
		<choose>
			<when test="sidx != null and sidx.trim() != ''">
				order by ${sidx} ${order}
			</when>
			<otherwise>
				order by role_id asc
			</otherwise>
		</choose>
		<if test="offset != null and limit != null">
			limit #{offset}, #{limit}
		</if>
	</select>
	
	<select id="queryTotal" resultType="int">
		select count(*) from UNIT_ROLE 
		<where>
			<if test="roleName != null and roleName.trim() != ''">
				and `role_name` like concat('%',#{roleName},'%') 
			</if>
			<if test="createUserId != null">
				and create_user_id = #{createUserId} 
			</if>
		</where>
	</select>
	
	<insert id="save" parameterType="cn.cvtt.safenumber.web.pojo.SysRole" useGeneratedKeys="true" keyProperty="roleId">
		insert into UNIT_ROLE
		(
			`role_id`, 
			`role_name`,
			`remark`,
			`create_user_id`,
			`create_time`
		)
		values
		(
			#{roleId}, 
			#{roleName},
			#{remark},
			#{createUserId},
			#{createTime}
		)
	</insert>
	 
	<update id="update" parameterType="cn.cvtt.safenumber.web.pojo.SysRole">
		update UNIT_ROLE 
		<set> 
			<if test="roleName != null">`role_name` = #{roleName}, </if>
			<if test="remark != null">`remark` = #{remark}</if>
		</set>
		where role_id = #{roleId}
	</update>
	
	<delete id="deleteBatch">
		delete from UNIT_ROLE where role_id in
		<foreach item="roleId" collection="array" open="(" separator="," close=")">
			#{roleId}
		</foreach>
		;
		delete from UNIT_ROLE_MENU where role_id in
		<foreach item="roleId" collection="array" open="(" separator="," close=")">
			#{roleId}
		</foreach>
		;
		delete from UNIT_USER_ROLE where role_id in
		<foreach item="roleId" collection="array" open="(" separator="," close=")">
			#{roleId}
		</foreach>
	</delete>
	
	<!-- 查询用户创建的角色ID列表 -->
	<select id="queryRoleIdList" resultType="long">
		select role_id from UNIT_ROLE where create_user_id = #{createUserId} 
	</select>

	<!-- 按角色名查询角色 -->
	<select id="queryByRoleName" resultType="cn.cvtt.safenumber.web.pojo.SysRole">
		SELECT * FROM UNIT_ROLE WHERE role_name = #{value}
	</select>

	<select id="getRoleList" resultType="cn.cvtt.safenumber.web.pojo.SysRole">
		select * from UNIT_ROLE
		<where>
			create_user_id = #{value}
		</where>
	</select>
</mapper>