<?xml version="1.0" encoding="UTF-8"?>
<!DOCTYPE mapper PUBLIC "-//mybatis.org//DTD Mapper 3.0//EN" "http://mybatis.org/dtd/mybatis-3-mapper.dtd">

<mapper namespace="cn.cvtt.safenumber.web.dao.SysUserRoleDao">

	<select id="queryList" resultType="cn.cvtt.safenumber.web.pojo.SysUserRole">
		select * from UNIT_USER_ROLE
		<where>
			<if test="userId != null">
				user_id = #{userId}
			</if>
		</where>
	</select>
 
	<insert id="save">
		insert into UNIT_USER_ROLE
		(
			`user_id`, 
			`role_id`
		)
		values
		<foreach collection="roleIdList" item="item" index="index" separator="," >
		(
			#{userId}, 
			#{item}
		)
		</foreach>
	</insert>
	
	<delete id="delete">
		delete from UNIT_USER_ROLE where user_id = #{value}
	</delete>
	
	<select id="queryRoleIdList" resultType="long">
		select role_id from UNIT_USER_ROLE where user_id = #{value}
	</select>

	<select id="quetUserIdsByRole" resultType="Long">
		select user_id from UNIT_USER_ROLE where role_id = #{value}
	</select>
</mapper>