<?xml version="1.0" encoding="UTF-8"?>
<!DOCTYPE mapper PUBLIC "-//mybatis.org//DTD Mapper 3.0//EN" "http://mybatis.org/dtd/mybatis-3-mapper.dtd">
<mapper namespace="cn.cvtt.safenumber.web.dao.SysUserDao">
	<select id="queryObject" resultType="cn.cvtt.safenumber.web.pojo.SysUser">
		select * from UNIT_USER where user_id = #{value}
	</select>
	
	<select id="queryList" resultType="cn.cvtt.safenumber.web.pojo.SysUser">
		select * from UNIT_USER 
		<where>
			<if test="createUserId != null">
				and `create_user_id` = #{createUserId} 
			</if>
			<if test="unitid != null">
				and `unitid` = #{unitid}
			</if>
			<if test="username != null and username.trim() != ''">
				and `username` like concat('%',#{username},'%') 
			</if>
		</where>
		<choose>
			<when test="sidx != null and sidx.trim() != ''">
				order by ${sidx} ${order}
			</when>
			<otherwise>
				order by user_id desc
			</otherwise>
		</choose>
		<if test="offset != null and limit != null">
			limit #{offset}, #{limit}
		</if>
	</select>
	
	<select id="queryTotal" resultType="int">
		select count(*) from UNIT_USER
		<where>
			<if test="createUserId != null">
				and `create_user_id` = #{createUserId} 
			</if>
			<if test="username != null and username.trim() != ''">
				and `username` like concat('%',#{username},'%') 
			</if>
		</where>
	</select>
	
	<!-- 查询应用用户的所有权限 -->
	<select id="queryAllUserPerms" resultType="string">
		select m.perms from UNIT_USER_ROLE ur
			LEFT JOIN UNIT_ROLE_MENU rm on ur.role_id = rm.role_id
			LEFT JOIN APP_MENU m on rm.menu_id = m.menu_id
		where ur.user_id = #{userId}
	</select>

	<!-- 查询管理用户的所有权限 -->
	<select id="queryAllAdminPerms" resultType="string">
		select m.perms from UNIT_USER_ROLE ur
		LEFT JOIN UNIT_ROLE_MENU rm on ur.role_id = rm.role_id
		LEFT JOIN SYS_MENU m on rm.menu_id = m.menu_id
		where ur.user_id = #{userId}
	</select>
	
	<!-- 查询用户的所有菜单ID --> 
	<select id="queryAllMenuId" resultType="long">
		select distinct rm.menu_id from UNIT_USER_ROLE ur
			LEFT JOIN UNIT_ROLE_MENU rm on ur.role_id = rm.role_id
		where ur.user_id = #{userId}
	</select>
	
	<select id="queryByUserName" resultType="cn.cvtt.safenumber.web.pojo.SysUser">
		select * from UNIT_USER where username = #{username}
	</select>
	
	<insert id="save" parameterType="cn.cvtt.safenumber.web.pojo.SysUser" useGeneratedKeys="true" keyProperty="userId">
		insert into UNIT_USER
		(
			`user_id`,
			`unitid`,
			`username`, 
			`password`, 
			`email`, 
			`mobile`, 
			`is_active`,
			`create_user_id`,
			`create_time`,
			`name`,
			`apid`
		)
		values
		(
			#{userId},
			#{unitid},
			#{username}, 
			#{password}, 
			#{email}, 
			#{mobile}, 
			#{isActive},
			#{createUserId},
			#{createTime},
			#{name},
			#{apid}
		)
	</insert>
	 
	<update id="update" parameterType="cn.cvtt.safenumber.web.pojo.SysUser">
		update UNIT_USER 
		<set> 
			<if test="username != null">`username` = #{username}, </if>
			<if test="unitid != null">`unitid` = #{unitid}, </if>
			<if test="password != null">`password` = #{password}, </if>
			<if test="email != null">`email` = #{email}, </if>
			<if test="mobile != null">`mobile` = #{mobile}, </if>
			<if test="isActive != null">`is_active` = #{isActive}, </if>
			<if test="name != null">`name` = #{name}, </if>
		</set>
		where user_id = #{userId} 
		<if test="createUserId != null">
			and `create_user_id` = #{createUserId} 
		</if>
	</update>
	
	<update id="updatePassword" parameterType="map">
		update UNIT_USER set `password` = #{newPassword} 
			where user_id = #{userId} and password = #{password}
	</update>
	
	<delete id="deleteBatch">
		delete from UNIT_USER where user_id in 
		<foreach item="userId" collection="array" open="(" separator="," close=")">
			#{userId}
		</foreach>;
		delete from UNIT_USER_ROLE where user_id in
		<foreach item="userId" collection="array" open="(" separator="," close=")">
			#{userId}
		</foreach>;
	</delete>

	<select id="getChildren" resultType="cn.cvtt.safenumber.web.pojo.SysUser">
		SELECT * FROM UNIT_USER WHERE create_user_id = #{value}
	</select>

	<select id="queryChildren" resultType="cn.cvtt.safenumber.web.pojo.SysUser">
		select * from UNIT_USER
		<where>
			<if test="createUserId != null">
				and `create_user_id` = #{createUserId}
			</if>
			<if test="username != null and username.trim() != ''">
				and `username` like concat('%',#{username},'%')
			</if>
		</where>
		order by user_id
	</select>

</mapper>